題號,題目,選項A,選項B,選項C,選項D,答案
1,2015年聯合國氣候峰會中通過的氣候協議(巴黎協定)，各國須致力控制地球升溫不能超過工業革命前多少度？,1℃之內,2℃之內,4℃之內,5℃之內,B
2,下列何者不是設置空氣品質淨化區的基本理念？,藉由植物的生理特性來減少塵埃與懸浮微粒,提供單一物種的生存環境,減緩廢棄物、噪音、水污染等人為環境污染,提供生態模擬及生態教育的場所,B
3,測量道路噪音時，儀器應設置於距地面多少高度進行測量？,0.5~0.7公尺,0.8~1公尺,1.2~1.5公尺,1.6~2公尺,C
4,下列何者是因開採砂石時未做好水土保持所造成的影響？,土石流,熱島效應,空氣污染,全球暖化,A
5,2024年，東沙環礁群島附近出現大量棘冠海星，牠們啃食石珊瑚，嚴重危及當地珊瑚生態。專家推測，棘冠海星數量快速增加，可能與捕食牠們的大法螺遭人類大量捕捉、數量減少有關。請問，大法螺與棘冠海星之間的關係屬於哪一種？,掠食,競爭,片利共生,寄生,A
6,環境部提醒民眾，颱風過後飲水須煮沸再飲用，如擔心水有異味，煮沸後應將蓋子打開至少幾分鐘以上？,1分鐘,3分鐘,15分鐘,30分鐘,B
7,哪一項做法可以延長衣物壽命？,保護衣物材質，使用乾洗清潔,每天清洗保持衣物潔淨,為求衣物乾燥，經常使用烘衣機,衣服翻面晾曬並斟酌時間,D
8,國際「世界水資源日」係指每年的哪一天？,2月28日,3月22日,4月20日,6月5日,B
9,「位於凹岸的村落因河岸持續地退縮而被迫遷村。」文中所述的河岸地退縮現象，主要是哪一種河流作用所形成？,磨蝕,溶蝕,吹蝕,侵蝕,D
10,以下有關碳稅的敘述何者不正確？,碳稅指的是對生產商品和服務，在過程中任何階段依據使用化石燃料的碳含量所徵的,碳稅的目的是彰顯碳排放所隱含的社會成本。,透過提高化石燃料的價格有可能達到減少溫室氣體排放的目的,碳稅是一種經濟行為，與我們的生活毫無關係,D
11,如廁後將衛生紙直接丟入馬桶沖掉，無法減少下列哪項環境衛生問題？,減少蚊蠅孳生,減少如廁舒適,減少細菌或傳染病傳播,減少廁所異味,B
12,何謂碳匯？,針對排放二氧化碳的企業徵收的貨幣,將二氧化碳持續移除後儲存於自然或人為系統中,二氧化碳的供給管道,所有排放源產生的二氧化碳,B
13,我們如何稱呼農糧產品及各種消費品在生產過程中所消耗的水資源？,水耗量,水商品,水足跡,水能量,C
14,臺灣造林應優先考量的區域不包括下列哪些地區？,山坡地,復耕性低或污染整治完成之農地,都會公園,嚴重地層下陷地區,C
15,以下哪個選項最能準確地定義「淨零排放」？,減少人類活動，避免溫室氣體排放,排放的溫室氣體總量，與吸收或封存的量加總為零,使用先進技術，將大氣中的溫室氣體完全排除,全球所有國家設定相同的碳排放目標,B
16,關於環境危害的對應，下列何者正確？,游離輻射—物理性危害,振動—生物性危害,噪音—化學性危害,過敏—物理性危害,A
17,自107年1月1日起，購物用塑膠袋之管制對象，已由原本7大類擴大為幾類？,10大類,12大類,14大類,16大類,C
18,臺灣由哪一個政府部門訂定「農藥殘留容許量標準」，抽查已上市農產品的食品安全，以防止POPs殘留危害人體健康？,衛生福利部,農業部,環境部,經濟部,A
19,下列何者「不是」飲用水水質標準中物理性之標準項目？,臭度,濁度,硬度,色度,C
20,下列關於土石流的敘述，哪一個「錯誤」？,人類不當開發山坡地，會加劇土石流的發生,應在山坡地上多種植根較深的植物，以穩固疏鬆的土石,開發山坡地時，應做好排水系統，才能減緩土石流發生,開發山坡地時，應選擇陡坡，因為其排水系統良好，能夠避免土石流發生,D
21,下列何者是環境自燃導致森林大火的原因？,高溫及太乾燥所產生的大火,為了土地開發所產生的大火,因為人類在森林留下火種導致大火,飛機墜落引發火災,A
22,面臨缺水危機，各水庫蓄水率偏低，政府啟動抗旱行動，從三個面向推動節水措施。以下何者不是節水的面向？,再生水,雨水貯留,海水淡化,抽地下水,D
23,「在維持基本生活所需，並追求更佳生活品質之同時，降低天然資源與毒性物質之使用及污染物排放，目的在不影響後代子孫權益的消費模式。」是何種消費模式？,在地消費,經濟消費,綠色消費,刺激消費,C
24,依據《文化資產保存法》，「自然地景與自然紀念物」也屬於文化資產的一部分。請問負責管理這類文化資產的哪一個中央主管機關？,文化部,衛生福利部,農業部,環境部,C
25,啤酒中最重要的發酵微生物是什麼？,鏈球菌,酵母菌,擬桿菌,綠瘤菌,B
26,下列何者不是環保標章產品的特性？,可回收,較貴,省資源,低污染,B
27,下列何者屬於點源污染？,施灌肥料,工廠廢水,噴灑農藥,酸雨,B
28,下列哪一項非我國針對污染防治制定的專門法規？,公害糾紛處理法,廢棄物清理法,空氣污染防制法,水污染防治法,A
29,這個國定考古遺址位在宜蘭與花蓮交界處，東側緊鄰太平洋。經歷了新石器時代到金屬器時代的變遷，於蘇花改工程中被發現，出土銅幣、玻璃、瓷器、瑪瑙等，顯示當時海上貿易相當活絡。請問以上敘述的是哪一個考古遺址？,丸山考古遺址,大坌坑考古遺址,Blihun漢本考古遺址,曲冰考古遺址,C
30,當藻類因優養化大量繁殖，夜間常會造成魚類大量死亡的原因為何？,水溫過低,缺乏食物,溶氧不足,酸鹼度過高,C
31,下列何者為PM2.5所使用的粒徑單位？,公分(cm),毫米(mm),微米(µm),奈米(nm),C
32,與自然萬物和諧共處，以「燒墾游耕」方式放火燒草而不施肥，請問這是哪一族群的傳統農耕技法？,泰雅族,平埔族,西拉雅族,邵族,C
33,下列對於「藍碳」及「碳中和」之敘述何者正確？,藍碳無法儲存碳，不具減碳效益,藍碳可作為碳排放抵換方式之一,藍碳生態系只能產生氧氣，無其他用途,碳中和僅與陸地森林有關，無涉海洋,B
34,關於社區參與對生態永續發展的影響，下列哪一項敘述最不恰當？,社區參與可以推動有效的生態旅遊，減少對環境的破壞。,社區居民一起參與環境保護，有助於提升社區凝聚力。,社區的聲音可能影響政策的制定與執行。,生態保育應由政府主導，社區配合為宜。,D
35,DDT造成生物放大效應的原因為何？,因DDT在生物體內無法分解，在生物體內的濃度隨著食物鏈的階層逐漸增加,因高級消費者體內分解DDT的能力較生產者低,因為較大型的動物偏好捕食具DDT的生物,因DDT使受污染生物的總生物量增大,A
36,下列何者是因超抽地下水所導致的狀況？,近海土地鹽化,河川枯竭,土地生產力提高,珊瑚死亡,A
37,宜蘭頭城海邊常常可以看到很多海洋垃圾，縣政府和學校合作，帶領學生們一起去海邊做什麼活動，讓大家更認識環保呢？,舉辦大胃王比賽推廣漁特產品,舉辦淨灘活動，撿拾海廢垃圾,舉辦海上摩托車比賽促進觀光,晚上放煙火慶祝欣賞海邊星空,B
38,環境部推行的「環保集點制度」中，下列哪一個通路不是合作兌換通路？,7-ELEVEN,全家便利商店,家樂福,燦坤3C,C
39,下列何者非我國「減碳行動計畫」六大部門之一？,住商部門,農業部門,資訊部門,製造部門,C
40,哪一個「永續發展目標（SDGs）」與減少污染最有關？,責任消費與生產,經濟發展,消除貧窮,性別平等,A
41,沿海城市預測將受海平面上升與強颱侵襲影響，城市正在規劃「氣候韌性城市」。下列哪一項最符合氣候韌性城市的設計理念？,增加觀光飯店設施,擴大港口貿易容量,廢除氣象預警系統以節省成本,提高防洪堤與綠地滯洪設施,D
42,在台灣離島的「海水淡化廠」主要供應對象是？,工業用水,農業用水,民生用水,服務業用水,C
43,以下哪一種行為符合『源頭減量』的環保原則？,自帶環保購物袋,多拿幾個塑膠袋,使用塑膠吸管,將垃圾丟棄山區,A
44,依據吃好魚宣言所提出的「海鮮選購三優先」下列何者非優先考量？,國產魚優先,有標章優先,中低階優先,仔稚魚優先,D
45,以下哪一項不是防治土壤與地下水污染主要關注的場址？,農地,加油站及大型儲油槽,不明廢棄物非法棄置場址,河川堤岸綠地,D
46,下列何者是利用垃圾焚化廠處理垃圾的最主要優點？,消除所有毒性,減少原本的垃圾體積,降低空氣污染,簡化處理垃圾的程序,B
47,有關水足跡(water footprint)的概念「不包括」以下哪一項思維？,標示產品製程之耗水量,鼓勵購買使用國外進口的瓶裝水,推動水資源回收再利用及節約用水獎勵機制,推動產業建立節水製程,B
48,下列何者為泰雅族傳統織布的重要原料？,棉花,亞麻,黃麻,苧麻,D
49,以下哪一種細菌對珊瑚的生長有重要的影響？,鏈黴菌,葡萄球菌,乳酸菌,綠硫菌,D
50,下列何者不是我國永續能源政策綱領的「二高二低」政策原則之一？,低排放,低依賴,高效率,高經濟,D
51,根據《文化資產保存法》，下列何者敘述錯誤？,毀損或移走古蹟，可能判刑並罰錢。,文化資產若損壞，要回復原狀，若無法回復則賠償損害。,國寶或重要古物要出國，需先申請主管機關核准。,公有古物想要複製收藏，為個人行為，政府不會干涉。,D
52,有關綠建築的概念以下何者錯誤？,在建築淨零的概念中同時包括減少使用碳及減少蘊含碳,使用碳主要來自照明或用電,蘊含碳主要來自建材的製程或原料材質,蘊含碳基本上都是固定的，無論哪種選擇都無法達成溫室氣體的,D
53,下列關於土石流的防災方法，何者有誤？,建造擋土牆,疏通排水系統,避開災害敏感區,廣泛種植淺根系植物,D
54,為減少一次性用品浪費，環境部公告「一次用旅宿用品限制使用對象及實施方式」，旅宿業及其他住宿業者不得提供容量小於多少的盥洗或保養用品？,180mL,200mL,220mL,240mL,A
55,什麼原因讓人類不惜造成環境污染，也要開採稀土金屬？,只需少量稀土金屬，即可發電,可以提煉出黃金,為3C產品中不可或缺的材料,可以製成珍貴藥物,C
56,下列何者為PM2.5所使用的粒徑單位？,公分(cm),毫米(mm),微米(µm),奈米(nm),C
57,酵母菌在沒有氧氣的環境下，會將糖分轉換為哪兩種物質？,氧氣和二氧化碳,酒精和二氧化碳,酒精和水,二氧化碳和乳酸,B
58,如果想了解臺灣是如何保護環境的，應該找哪一個政府單位？,農業部,環境部,教育部,衛生福利部,B
59,下列何者是目前臺灣生物資源遭受威脅的主因之一？,生物因天擇被淘汰,因原生生物彼此競爭大，導致物種減少,土地過度開發或不當利用,遭到天敵捕獵,C
60,下列何者非我國「減碳行動計畫」六大部門之一？,住商部門,農業部門,資訊部門,製造部門,C
61,「可再生能源」是指由各種可持續補充的自然資源(包括日光、風、雨、潮汐、地熱等)中取得的能源型式。下列與可再生能源有關的敘述，何者錯誤？,太陽輻射的能量是由其內部的核能轉換而來,風力發電需要設置在合適的地點，才能有效運作,地熱能危險性太高，不適合做為常態使用的能源型式,潮汐之所以可以提供能量，是源自太陽與月球對海水的引力作用,C
62,購買哪一項產品最符合低碳飲食的做法？,高級進口和牛,在地當季新鮮高麗菜,香甜誘人杯子蛋糕,好吃美味起司披薩,B
63,下列何者是環境自燃導致森林大火的原因？,高溫及太乾燥所產生的大火,為了土地開發所產生的大火,因為人類在森林留下火種導致大火,飛機墜落引發火災,A
64,為什麼每個人都應該參與減緩氣候變遷的行動？,因為氣候變遷只影響其他國家,個人行動無法改變氣候變遷,每個人的小行動累積起來可以帶來正面改變,氣候變遷只需要政府處理，和人民無關,C
65,大家一起種樹綠化環境，下列哪一項不是種樹的好處？,增加土壤的吸水力,調節濕度,產生落葉，造成髒亂,吸收空氣中的二氧化碳,C
66,最近新聞常常報導台灣天氣變得越來越奇怪，有時候好久不下雨，有時候又下大暴雨。根據113年的國家氣候變遷科學報告，台灣政府應該加強哪方面的準備來應對這些極端天氣呢？,建立防災應變和調適的政策,多舉辦一些大型煙火慶典,鼓勵大家多吹冷氣降溫消暑,禁止種植樹木以免落葉太多,A
67,每逢秋、冬季節，臺灣各個河口形成賞鳥最佳地點。若要欣賞大量「黑面琵鷺」過冬景象，以下何處最有機會？,高屏溪口,大甲溪口,曾文溪口,淡水河口,C
68,有關省水標章的描述，以下何者不正確？,標章中的箭頭向上，代表將中心的水滴接起，強調回收再利用,右邊的三條水帶代表著愛水、節水、親水，鼓勵民眾愛護水資源,省水標章只有藍色一種顏色，若看到金色的標章代表是偽造的標章,貼有省水標章的器材與一般傳統器材相比，表示可以節省一半以上的用水量,C
69,依《事業廢棄物再利用管理辦法》，核發之許可文件期限最長為幾年？,2年,3年,5年,10年,B
70,如廁後將衛生紙直接丟入馬桶沖掉，無法減少下列哪項環境衛生問題？,減少蚊蠅孳生,減少如廁舒適,減少細菌或傳染病傳播,減少廁所異味,B
71,DDT造成生物放大效應的原因為何？,因DDT在生物體內無法分解，在生物體內的濃度隨著食物鏈的階層逐漸增加,因高級消費者體內分解DDT的能力較生產者低,因為較大型的動物偏好捕食具DDT的生物,因DDT使受污染生物的總生物量增大,A
72,下列關於土石流的敘述，哪一個「錯誤」？,人類不當開發山坡地，會加劇土石流的發生,應在山坡地上多種植根較深的植物，以穩固疏鬆的土石,開發山坡地時，應做好排水系統，才能減緩土石流發生,開發山坡地時，應選擇陡坡，因為其排水系統良好，能夠避免土石流發生,D
73,當藻類因優養化大量繁殖，夜間常會造成魚類大量死亡的原因為何？,水溫過低,缺乏食物,溶氧不足,酸鹼度過高,C
74,面臨缺水危機，各水庫蓄水率偏低，政府啟動抗旱行動，從三個面向推動節水措施。以下何者不是節水的面向？,再生水,雨水貯留,海水淡化,抽地下水,D
75,關於環境危害的對應，下列何者正確？,游離輻射—物理性危害,振動—生物性危害,噪音—化學性危害,過敏—物理性危害,A
76,下列何者不是設置空氣品質淨化區的基本理念？,藉由植物的生理特性來減少塵埃與懸浮微粒,提供單一物種的生存環境,減緩廢棄物、噪音、水污染等人為環境污染,提供生態模擬及生態教育的場所,B
77,在臺灣本島的「海水淡化廠」主要供應的對象是？,民生用水,農業用水,工業用水,服務業用水,C
78,風力推動風機葉片轉動，過程中會先產生哪種能量，最後再透過發電機轉換成電能？,光能,機械能,熱能,聲能,B
79,下列哪一項非我國針對污染防治制定的專門法規？,公害糾紛處理法,廢棄物清理法,空氣污染防制法,水污染防治法,A
80,哪一種日常通勤方式碳排放最少？,走路或騎腳踏車,搭乘捷運或公車,使用電動機車,駕駛私人汽車,A
81,「潮汐發電」的發電原理為何？,利用海水的溫差,利用海水的波動,利用海流的流動,利用海水的水位差,D
82,高雄市在颱風期間發生嚴重淹水，分析發現許多排水系統堵塞。哪一項政策有助於減少此類問題？,建築物越蓋越高，以免淹水,"廢除公園與綠地,以減少落葉",強化城市排水與綠基礎建設,鼓勵通勤者使用機車通勤,C
83,微生物在人體內數量最多的地方是在哪裡？,口腔,皮膚,腸道,鼻腔,C
84,何年在比利時發生「戴奧辛雞事件」，因含戴奧辛的機油混入500公噸飼料，導致大量雞、豬、牛遭撲滅？,1995,1999,2012,2015,B
85,水庫淤積導致蓄水容量下降，應採取哪一項措施以恢復其蓄水功能？,利用人造雨提升蓄水量,提高抽水量以應對需求,定期進行泥沙清淤作業,興建新的水庫以取代原有水源,C
86,針對河川污染問題，以下哪一項做法最符合永續發展的整治策略？,倒入消毒水殺菌,以用水泥鋪設保護堤岸,拔除水中植物淨化水質,建設人工濕地進行自然淨化,D
87,「在維持基本生活所需，並追求更佳生活品質之同時，降低天然資源與毒性物質之使用及污染物排放，目的在不影響後代子孫權益的消費模式。」是何種消費模式？,在地消費,經濟消費,綠色消費,刺激消費,C
88,下列何者是土石流的特徵？,表面流速慢，下面流速快,表面流速快，下面流速慢,泥沙濃度低,衝擊力不大,B
89,國際「世界水資源日」係指每年的哪一天？,2月28日,3月22日,4月20日,6月5日,B
90,根據世界衛生組織（WHO）數據，2024年全球登革熱病例約有82%集中於哪個國家？,巴西,中國,印度,泰國,A
91,「位於凹岸的村落因河岸持續地退縮而被迫遷村。」文中所述的河岸地退縮現象，主要是哪一種河流作用所形成？,磨蝕,溶蝕,吹蝕,侵蝕,D
92,針對防災四階段來說，下列何者屬於「復原」(Recovery)的措施？,重建公共建設,災民的收容與撤離,防止二次災害發生,擬定疏散避難演練,A
93,根據影片內容，氣候變遷正在影響台灣的自然環境。以下哪一項正確描述了台灣目前面臨的氣候災害？,降雨變得更規律，季節分明,極端天氣變多，例如暴雨、乾旱,雨天會完全消失，一年四季都是晴天,夏天變得很短，冬天越來越寒冷,B
94,下列何者不屬於二日綠色旅遊行程的必要條件？,環保餐廳/綠食飯桌用餐,環境教育設施場所或生態遊憩場所,搭乘大眾運輸,環保標章旅館住宿,C
95,臺灣原住民族在語言和文化上應屬於何種語系？,南島語系,美洲語系,印歐語系,南亞語系,A
96,依據吃好魚宣言所提出的「海鮮選購三優先」下列何者非優先考量？,國產魚優先,有標章優先,中低階優先,仔稚魚優先,D
97,為了達到源頭減量，環境部於112年7月訂定了哪一項限制，並在114年1月1日起正式生效？,旅宿業不得主動提供一次性個人用品。,菜市場不得主動提供塑膠袋給民眾。,網購包裝材料不可使用含聚氯乙烯塑膠材質。,全國飲料店全面禁用一次性塑膠杯。,A
98,下列何者不是微生物的應用？,用微生物讓泡菜變酸，可保存更久。,應用微生物來發酵麥汁，製作啤酒。,某種微生物可幫助豆科植物吸收空氣裡的氮。,微生物可直接清除空氣中的懸浮微粒。,D
99,關於「省水標章」的說明，下列何者錯誤？,目前省水標章為「自願性標章」，政府鼓勵洗衣機和馬桶等用水器具積極申請。,省水標章分為「普級」和「金級」兩種等級。,標章上的三條水帶代表「愛水、節水、親水」。,用水器具需經過認證檢驗通過，才可獲得省水標章。,A
100,釩液流電池適合作為什麼用途？,安裝在手機中，讓手機可以用好幾天不用充電。,放在手電筒裡，可以照明更久。,用來儲存太陽能或風力發的電，幫助穩定供電。,電動車的充電電池，因為它安全又能儲電。,C
101,下列何者是生態敏感地區的重要性？,可以種植農作物,可以建造房屋,提供野生動物棲息地,可以提供大量能源,C
102,下列哪個選項「不屬於」石化工業的產品？,塑膠,人造纖維,玻璃,黏著劑,C
103,下列何者為地下水高污染潛勢區？,百貨公司,加油站,電影院,遊樂園,B
104,為鼓勵電子產品繳費責任業者朝物料循環再利用方向設計，環保署自112年7月1日起針對電視機、冷暖氣機、洗衣機、電冰箱、電風扇等物品，優先於產品中添加多少%以上塑膠再生料？,10%,25%,30%,45%,B
105,對於環境荷爾蒙，民眾在自我提升防範方面，專家建議從食物的選擇上進行。請問下列何種防範行為是錯誤的？,多吃原型食物,少吃加工食品,選擇同一攤位的食物,同時挑選不同種類的食材,C
106,下列哪一項「不是」我國訂定「國家氣候變遷調適政策綱領」的原因？,健全與提升國家調適能力,控制國家溫室氣體的排放,降低社會脆弱度,建立我國整合性的運作機制,B
107,有關風化作用的敘述，下列哪個選項是「錯誤」的？,海蝕平臺是風化作用所形成,風化作用是大岩石逐漸崩解成小碎塊的過程,在氣候溫暖潮濕的環境當中，岩石容易與水產生化學反應而逐漸鬆軟,風化作用的最終產物為土壤,A
108,目前臺灣用水量比重佔最多的是下列哪一個？,工業用水,農業用水,民生用水,電廠用水,B
109,因臺灣位於歐亞大陸板塊與菲律賓板塊交界處，地震頻繁，對於地震的應變措施下列何者有誤？,地震發生時應躲在黃金三角處,地震發生時應躲在冰箱旁，確保食物充足,若發生強烈地震應趕緊開門，防止門變形逃不出去,以上皆是,D
110,一般來說，侵襲臺灣的颱風路徑主要受何者影響？,北太平洋洋流,黑潮,北太平洋高壓環流,蒙古高壓環流,C
111,PM2.5除了來自於污染源直接排放外，亦可能經由下列哪一項化學反應產生？,光化反應,酸鹼反應,沉澱反應,光合作用,A
112,壬基酚主要做為工業清潔劑中「非離子型界面活性劑」，另外也用於抗氧化劑、紡織印染助劑、農藥乳化劑等領域，但平常我們接觸的壬基酚，卻更多是從哪裡來的？,食物中,空氣中,土壤中,廢棄物中,A
113,下列哪個水庫主要供應屏東地區的用水？,曾文水庫,牡丹水庫,赤崁水庫,石門水庫,B
114,下列對馬卡道澤蟹的敘述何者錯誤？,常躲在落葉堆或邊坡的土洞裡,在全台都可以看到,在2009年才被判定為新物種,長期生活在獨立的範圍內，很少與其他族群交流,B
115,在酸雨相當嚴重的城市蓋房子，下列何者是不適合的建材？,花崗岩,玄武岩,大理岩,安山岩,C
116,下列何項非聯合國永續發展目標SDGs之一？,氣候行動,減少不平等,優質教育,綠色生活,D
117,下列何者對於濕沉降的敘述是「錯誤」？,氣狀污染物隨雨、雪等降下,氣狀污染物經由風力帶至海洋,大氣中污染物質去除的重要機制,自然降雨是濕沉降最重要的機制,B
118,為處理垃圾爆量問題環境部擬於2023年提出《資源循環促進法》來因應，下列對此法案的敘述何者錯誤？,此法案係將《廢棄物清理法》及《資源回收再利用法》整併,此法案目地在翻轉廢棄物定義，推動資源極大化，廢棄物極小化,此法擬對不具再利用價值的廢棄物，公告為政府責任物，由政府吸收處理費用,此法也會對汙染環境的業者加重其刑責,D
119,電磁波防治相關法規，是哪一中央機關所制訂及執行？,衛生福利部,行政院環境部,公共工程委員會,勞動部,B
120,下列臺灣特有種生物中，何者從平地至海拔3千公尺皆有其蹤跡？,臺灣雲豹,臺灣帝雉,臺灣寬尾鳳蝶,臺灣山豬,D
121,下列哪個選項「不是」臺灣現行的環保法規？,野生動物保護法,水污染防治法,噪音管制法,京都議定書,D
122,關於「北極放大效應」的敘述，何者錯誤？,該效應是指北半球排放之溫室氣體向北竄升，累積在北極的現象,南極也會有「南極放大效應」，但其效果不顯著,該效應使北極附近的溫度變化比地球其他地區的變化都來得大,金星也有該效應，使得金星的兩極與赤道幾乎是等溫,A
123,下列何種法規是目前臺灣沒有特別公告的？,噪音管制法,水污染防治法,振動管制法,環境影響評估法,C
124,基因改造食品可以大量增加作物產量，且無明顯不好的影響，但卻還是很多人反對食用基因改造食品，其原因為何？,成本太高,可能含有一些致敏原，會導致死亡,與非基因改造食品外觀差異大,基因改造食品口感差,B
125,下列哪個選項「不是」海洋的功能？,提供人類食物,再生能源,防洪治水,調節氣溫,C
126,在醫院工作因為中央空調系統沒有定期消毒保養而引起醫護人員得到退伍軍人症，是屬於哪種類型的危害？,物理性危害,化學性危害,生物性危害,心理性危害,C
127,1987年聯合國提出《我們的未來》報告書，其中指出「永續發展」的理念是？,完全禁用氟氯碳化物,滿足當代需求，且不損及後代滿足其需要之發展,2008~2012年達到二氧化碳減量5~8%,各國減少硫化物排出量及削減氮氧化物30%,B
128,因應宜蘭多雨的氣候，下列何者是「宜蘭厝」的建築特色？,平臺式屋頂,拱形屋頂,斜屋頂,圓形屋頂,C
129,下列哪個選項是酸雨對環境或生物造成的影響？,減緩植物生長,造成水體優養化,使南極上空臭氧洞擴大,造成溫、寒帶的生物棲息地往更高緯度處遷移,A
130,DDT造成生物放大的原因為何？,因食物塔階層愈高，總生物量愈大，DDT累積量也愈高,因高級消費者體內分解DDT的能力較生產者低,因DDT在生物體內無法分解，無法排出,因DDT使受污染生物的總生物量增大,C
131,下列何者「不是」土壤自淨作用？,污染物進入土壤後經化學降解變為無毒害物質,利用土壤中的微生物，將污染經由分解或礦化作用使污染物轉換,土壤經過大雨沖刷能將污染物洗掉,土壤中的污染物通過複雜多樣的物理過程，使其濃度降低、毒性減輕,C
132,中央氣象局對颱風強弱的分類標準，是依據下列哪一項決定的？,颱風中心附近平均的最大風速,颱風地區雲層厚度,颱風中心颱風眼的大小,颱風的暴風直徑,A
133,下列哪種兩棲爬蟲類是臺灣的外來種？,莫氏樹蛙,菊池氏龜殼花,楚南氏山椒魚,巴西烏龜,D
134,下列何者「不屬於」公告回收的電子電器物品？,電冰箱,微波爐,洗衣機,電視機,B
135,臺灣時有山崩發生，下列何者「不是」臺灣山崩的主因？,臺灣地處地殼不穩定處,臺灣山地面積廣，地勢陡峭,地處高溫多雨之地，化學風化物質多,春季雪水多，增加潤滑力,D
136,請問下列何者為澎湖南方四島國家公園的主要特色？,玄武岩地質,亞熱帶海島型,潟湖,沙洲,A
137,公害造成損害時，「程度鑑定」主要為了確認下列何者？,何種污染物造成損害,造成損害之污染來源,評估危害程度,以上皆是,C
138,我國2050淨零排放路徑有12項關鍵戰略，其中「淨零綠生活」策略有六大面向，請問下列何者選項不是？,零浪費低碳飲食,友善環境綠時尚,綠色設計源頭減量,使用取代擁有,C
139,大氣層是保護地球的一大功臣，有關大氣層的重要性，下列何者是「錯誤」的？,可阻擋所有宇宙射線和紫外線的入侵,可幫助地表維持適當的溫度,大氣環流具有調節氣候的功能,可阻擋隕石直接撞地球,A
140,我們引進臺灣原本沒有的動物以增加生物的種類，會帶來下列何種影響？,增加生物的多樣性,促進生態平衡,提高生物繁殖能力,會使當地原來生物受到攻擊,D
141,「根壓」的形成原因為下列哪個選項？,根部在土壤中因泥土的擠壓所造成的壓力,根部接受由葉部運輸來的蔗糖，使根部細胞壓力變大,根部細胞的細胞質濃度比土壤高，導致水的滲透壓差而產生根壓,根部在土壤中與其他植物的根競爭養分所造成的壓力,C
142,下列各地出現的主要岩石配對何者錯誤？,鼻頭角:砂岩,火炎山:礫岩,清水斷崖:大理岩,金門:玄武岩,D
143,環境部公告「一次用旅宿用品限制使用對象及實施方式」規範，旅宿業者不得主動陳列下列何者選項供民眾使用？,水,室內拖鞋,衛生紙,浴帽,D
144,水牛在臺灣的開拓史上，扮演著甚麼角色？,風水,畜養,開墾,宗教,C
145,下列哪個選項「不屬於」細菌外型的分類之一？,球狀,桿狀,螺旋狀,橄欖球狀,D
146,下列哪一種微生物長久以來一直被當作水污染的指標生物？,霍亂弧菌,沙門氏桿菌,大腸桿菌,志賀氏桿菌,C
147,「前雷後雨，落不濕土」、「一粒雨擲死一個人」，以上臺灣諺語所形容的降水類型，主要成因是下列哪個選項？,地形抬升,鋒面滯留,熱力對流,強烈低氣壓,C
148,減塑旅遊要達成下列哪些行動？,自備、重複、少用,輕便行李,多使用旅館備品,多使用一次性衛生用品,A
149,水蒸氣遇冷會產生霜或露，下列哪個選項是正確的敘述？,霜是透明的液態,露是白色的固體,霜常見於寒冬的地面上,露常見於秋天清晨的地面,D
150,有國慶鳥之稱的灰面鵟鷹，在國慶前後會成群過境哪一個國家公園？,澎湖南方四島國家公園,墾丁國家公園,台江國家公園,雪霸國家公園,B
151,用自來水養魚，為什麼容易造成魚兒死亡？,自來水中沒有氧氣,自來水中沒有養分,自來水中含有餘氯,自來水中含有臭氧,C
152,下列何者「不是」水力發電的優點？,不會造成空氣污染,不會有生態衍生問題,運維成本低,可以重複使用,B
153,惜食教育是全民綠生活推動的主軸之一，請問下列選項何者於惜食十大行動中出現？,要均衡,不打包,不可選,吃格外,D
154,屬於一級古蹟的八通關古道景觀主要特色為何？,具有數間百年以上歷史之建物,具特殊文化及藝術價值之廟宇建築,電影「賽德克·巴萊」主要場景,保留許多開墾史蹟的石碑,D
155,以下何者有「臺灣的亞馬遜河」之稱？,香山濕地,哈盆自然保留區,無尾港濕地,蘭陽溪口濕地,B
156,大陸華北地區因工業發達燃燒煤炭，產生二氧化硫，常隨著哪種季風飄來臺灣北部，產生酸雨的問題？,東北季風,東南季風,西北季風,西南季風,A
157,依據紫外線的特性，到達地表輻射量最高者為下列何者？,UV-A,UV-B,UV-C,UV-D,A
158,下列哪一種植物屬於臺灣原生種？,銀合歡,小花蔓澤蘭,大花咸豐草,玉山杜鵑,D
159,水中汞污染物危害性主要是因為它具有下列何種特性？,累積毒性,急毒性,干擾生物之生殖系統,影響人體之呼吸系統,A
160,下列何者不是導致珊瑚礁白化的原因?,高溫廢水,海水鹽度改變,海水中的化學反應變化,黑潮經過,D
161,水蒸氣遇冷會產生霜或露，下列哪個選項是正確的敘述？,霜是透明的液態,露是白色的固體,霜常見於寒冬的地面上,露常見於秋天清晨的地面,D
162,下列何者「不是」臺灣水圳的用途？,保存歷史遺產價值,展現常民文化,推廣水上摩托車運動,發展休閒遊憩,C
163,天氣現象千變萬化，天氣預報更是一件勞心勞力的工作。有關天氣預報的敘述，下列何者是正確的？,天氣預報僅需參考地面、高空和衛星等觀測資料,紫外線強度並不包含在預報項目內,將觀測資料輸入電腦，即可得到準確的預報資料,影響天氣變化的因素很複雜增加預報工作的困難度,D
164,1998年臺塑公司將一批汞污泥送往柬埔寨，並棄置在海邊，造成當地民眾多人不適，引起國際喧然大波，這種行為違反下列哪一項國際公約？,凡爾賽條約,蒙特婁公約,氣候變化綱要公約,巴塞爾公約,D
165,壬基酚主要做為工業清潔劑中「非離子型界面活性劑」，另外也用於抗氧化劑、紡織印染助劑、農藥乳化劑等領域，但平常我們接觸的壬基酚，卻更多是從哪裡來的？,食物中,空氣中,土壤中,廢棄物中,A
166,水是臺灣重要的資源，高雄甲仙攔河堰主要越域引水到哪個水庫存用？,石門水庫,日月潭水庫,德基水庫,南化水庫,D
167,請問下列何者傳染病傳染途徑並非經由食物或飲水傳染?,小兒麻痺症,沙門氏菌感染症,霍亂,日本腦炎,D
168,當臺灣有地震發生時，常可聽到新聞有相關報導，下列所報導的內容何者是「錯誤」的？,本次地震發生的震央位置在花蓮，震源深度為200公里,震度為花蓮4.2、臺東3.6、宜蘭3.4,地震的大小為芮氏地震規模5.3,發生原因是菲律賓海板塊擠壓歐亞板塊所致,B
169,請問下列選項何者不符合「全民綠生活」的實踐行動?,使用在地食材並提供餐點份量調整服務,種植綠色植栽，淨化室內空氣品質,旅遊景點選擇環境教育設施場所,選購衣物選擇快時尚，促進經濟發展,D
170,環境部與歐洲經貿辦事處在世界清潔日這天舉辦淨灘活動，邀請民眾共同參與，維護海洋環境，以達到哪四個目標?,「禁海」、「入海」、「近海」及「出海」,「親海」、「愛海」、「近海」及「進海」,「淨海」、「知海」、「近海」及「進海」,「淨海」、「愛海」、「護海」及「進海」,C
171,下列哪個是臺灣河川污染的主要來源之一？,土石流,家庭污水,酸沉降,溯溪活動,B
172,小明利用「廣用試紙」測試所收集的酸雨，其試紙會呈現何種顏色？,綠色,紅色,藍色,黑色,B
173,下列哪一個國家公園裡面可以見到珊瑚礁美景？,墾丁國家公園,太魯閣國家公園,玉山國家公園,陽明山國家公園,A
174,民國83年，臺灣美國無線電公司(RCA)桃園廠污染廠區土壤及地下水，主要污染物是以下哪種元素之有機化合物？,砷,鎘,氯,汞,C
175,中元節是中國人重要節令之一，當晚月相為何？,朔月,望月,上弦月,下弦月,B
176,有關食農教育和惜食教育的說法何種「錯誤」？,慣行農法講求的是循環利用,「食農教育法」已立法通過,惜食行動有效支持在地農業,惜食觀念的建立須從小扎根,A
177,為落實產品資源循環與環保再生材料應用，所採策略是推動什麼產品設計的輔導是：,搖籃到搖籃,搖籃到墳墓,墳墓到搖籃,墳墓到墳墓,A
178,下列何種生物不存在於墾丁國家公園?,紫斑蝶,樹皮螳螂,櫻花鉤吻鮭,玉帶鳳蝶,C
179,幾十年前曾有人引進小花蔓澤蘭來綠化環境，今日這種植物已經在臺灣部份地區造成許多原生植物死亡，甚至危害農作物，因此有綠色癌症之稱，關於此現象，下列哪個選項是正確的敘述？,這是天擇的結果，應讓其自然演化,不當引入外來生物，可能破壞原本的生態平衡,應多引入外來種昆蟲，以控制此植物的繁衍,外來種植物可增加本地的生物多樣性,B
180,河川截彎取直會對河道的水理造成什麼現象？,河道長度變長,取直的河道坡降變平緩,下游河道水位降低,下游河道產生淤積,D
181,下列何者為植物多樣性增加對生物的影響？,穩固生物繁衍的橋樑,減少抓土力,減少棲息地,當環境變動，整個生態系易導致崩解,A
182,在同樣的冷房能力下，有不同能源效率比(EER)的冷氣，其耗電量最少的是下列何者？,EER=1.2,EER=2.2,EER=3.4,EER=4.3,D
183,根據台灣國立海洋生物博物館環境生態毒物研究團隊透過對鯨豚的研究，發現環境荷爾蒙造成的影響，下列敘述何者正確?,環境荷爾蒙只汙染高階食物鏈的鯨豚，對低階食物鏈的小型魚類沒有影響,鯨豚體內只存在一種環境荷爾蒙,部分的環境荷爾蒙會透過生產及哺乳傳遞給下一代,環境荷爾蒙在海水中只要經過一段時間後，會自然分解掉，不會繼續造成危害,C
184,潮間帶常有許多的螺類，試問下列何者可食用？,花冠芋螺,漁舟蜑螺,斑芋螺,織錦芋螺,B
185,下列有關水土保持的敘述，何者「不正確」？,在低窪地區大量抽取地下水，容易造成地層下陷,在河邊養殖家禽家畜，可能使下游藻類過量孳生,在水庫上游砍伐樹木，會減少水庫的泥沙淤積量,在坡度陡峭的高山上種植蔬果，會造成土壤流失,C
186,黑面琵鷺是世界上非常稀少的鳥種，被列為瀕臨滅絕動物保護，每年9月至10月抵臺，一直待到翌年的3月至5月左右，才陸續飛離臺灣。請問黑面琵鷺主要分布在哪一個地區？,東歐,西亞,東亞,南美洲,C
187,何謂水足跡，下列哪個選項是正確的？,消費者所購買的商品，在生產過程中消耗的用水量,水利用的途徑,水循環的途徑,每人每日用水量紀錄,A
188,下列何者是酸雨帶來的危害？,全球暖化,輻射污染,礦產消失,土壤酸化,D
189,下列哪種物質可能於電子發票、提款機提款明細表等感熱紙上被檢出？,雙酚A,壬基酚,DDT,五氯酚,A
190,下列何者「不是」成功的社區產業推動的要件?,政治因素,增進社區的應變能力,財務及人力資源的支持,社區當地之生態,A
191,下列何者是引起過度漁撈現象的主要原因？,從事漁業人口增加,撈捕技術進步且消費人口增加,政府鼓勵捕撈,海洋資源取之不盡,B
192,在生物鏈越上端的物種其體內累積持久性有機污染物(POPs)濃度將越高，危害性也將越大，這是說明POPs具有下列何種特性？,持久性,半揮發性,高毒性,生物累積性,D
193,下列哪一條步道獲得世界非營利組織國際寧靜公園授證，成為全球第一條「寧靜步道」，在無人為干擾之下，測得最低音量不到25分貝?,阿里山特富野古道,大漢山浸水營古道,太魯閣錐麓古道,太平山翠峰湖環山步道,D
194,下列那一處濕地不屬於台江國家公園涵蓋的範圍?,八掌溪口濕地,七股鹽田濕地,鹽水溪口濕地,曾文溪口濕地,A
195,環境部為了推動區域環境管理工作，於111年1月1日正式成立什麼單位，來治理區域環境?,地方環境管理中心,三區環境管理中心,中央環境管理中心,四區環境管理中心,B
196,有關潮間帶的敘述，下列哪個選項是「錯誤」的？,位於滿乾潮之間的地帶,提供人們養殖、遊憩與觀光的主要場所,生物能適應短暫缺水及陽光曝晒,此地生態系的生產力，與其它生態系相較，生產力偏低,D
197,有關社區的垃圾分類何者正確？,保麗龍回收歸類在廢塑膠內,紙類回收必須把紙上的塑膠膜／袋清掉獨立回收,回收任何瓶罐類物品都要將裡面的液體倒乾淨,以上皆是,D
198,1950年日本富山縣當地居民罹患「痛痛病」，是下列何種金屬所導致？,鎘,鎳,砷,汞,A
199,下列有關鉛的生物偵測的敘述何者「錯誤」？,有機鉛化合物的吸收，主要是由皮膚吸收,循環中的鉛，90%會與紅血球結合,90%的鉛會最後儲存於骨骼,有機鉛的暴露，最好的偵測指標則是血中鉛濃度,D
200,在臺灣，下列哪一種作法符合餐飲業實施節能減碳？,採購高山種植的蔬果,採購當地蔬果,採購最便宜的的蔬果,採購自國外進口的蔬果,B
201,為了減少港口區域的空氣污染，哪些措施被採用？,增加船舶數量以分散污染,使用低硫燃油和岸電設施,建設更多的工業區,減少貨物進出口,B
202,下列何者「不符合」永續發展的理念？,發展綠色科技,人類發展不超出環境承載力,以環境保護為導向，降低人類生活品質,促進地球村概念，加強國際合作,C
203,下列關於土石流的防災方法，何者有誤？,建造擋土牆,疏通排水系統,避開災害敏感區,廣泛種植淺根系植物,D
204,一般認為職業事故發生的主要原因為何？,工作人員的不安全動作或行為,工作場所噪音干擾,工作場所的照明不佳,工作場所髒亂,A
205,關於我國淨零轉型的目標敍述，何者有誤？,確保我國的能源安全,提升產業的海外獲益,引發全民共同落實低碳生活,透過社會溝通降低減碳方案的衝擊,B
206,根據「淨零政策與法規」影片，巴黎協定的目標是將全球平均氣溫增加限制在多少度以內？,1度,1.5度,2度,5度,C
207,下列何者對以後的子孫在環境資源上的使用比較公平？,資源應該全在有錢人手上,資源不應任意浪費,增加貧富差距,資源永遠用不完可以任意浪費,B
208,全球已經有多少國家提出2050淨零排放的宣誓與行動？,70多國,90多國,110多國,130多國,D
209,關於生物多樣性的敘述何者正確？,小的生態系中，一物種消失，對食物網的穩定性影可響將愈雨小水回收利,生物棲息環境變化少的生態系，生物多樣性愈高,單一樹種的育林方式有利於生態系的穩定，並能避免病蟲害的侵犯,生物多樣性愈高，生態系愈容易維持平衡穩定,D
210,下列何者是超抽地下水所產生的狀況？,河川枯竭,珊瑚死亡,土地生產力提高,近海土地鹽化,D
211,請問下列哪一個選項最能代表「從搖籃到搖籃」(cradle to cradle)的設計思維？,產品在使用後成為垃圾，進入垃圾填埋場。,產品的設計、生產及回收模仿自然界的新陳代謝系統，所有的廢棄物都可以變成資源。,產品的設計只考慮生產成本，而不考慮環境影響。,產品在消費使用後成為廢棄物，不再具有任何價值。,B
212,根據國家氣候變遷科學報告，如果氣候變遷未被控制，臺灣的高山森林面積會有什麼變化？,增加面積,減少面積,向低海拔移動,保持不變,B
213,工業廢水中造成土壤重金屬污染的物質有哪些？,砷,鉻,汞,以上皆是,D
214,霧和霾在相對濕度上的區別是什麼？,霧在乾燥空氣中形成，相對濕度低於75%,霾在潮濕空氣中形成，相對濕度高於75%,霧在潮濕空氣中形成，相對濕度高於75%,霾在乾燥空氣中形成，相對濕度高於75%,C
215,過去引進小花蔓澤蘭來綠化環境，今日這種植物已經在臺灣中南部地區造成許多原生植物死亡，甚至危害農作物，因此有綠色癌症之稱，關於此現象，下列哪個選項是正確的敘述？,不當引入外來生物，可能破壞原本的生態平衡,這是天擇的結果，應讓其自然演化,應多引入外來種昆蟲，以控制此植物的繁衍,外來種植物可增加本地的生物多樣性,A
216,如何增加衣服使用的壽命?,定期整理衣櫃,二手衣物交流,嘗試舊衣改造,以上皆是,D
217,文化資產保存法有七大項，其中之一的自然地景指的是什麼？,蘊藏過去人類生活所遺留具歷史文化意義之遺物,具保育自然價值之自然區域、地形、植物及礦物,與國民生活有關之傳統並有特殊文化意義之風俗,流傳於各族群與地方之傳統技藝與藝能,B
218,何者含量太低時會在短時內造成魚類死亡？,水中含氧量,有機物質,氨氮含量,總磷含量,A
219,下列何種噪音類型的分貝數最大?,飛機起降,民俗噪音,營建工地,市場叫賣聲,A
220,我國河川揚塵可能發生的原因為何？,河川有大量裸露地,河川水量暴漲,河川襲奪現象產生,河川產生下切現象,A
221,以下屬於外來入侵物種的共有幾種？甲、吳郭魚 | 乙、小花蔓澤蘭 | 丙、福壽螺 | 丁、布袋蓮,1種,2種,3種,4種,D
222,"如果要蓋一座符合環保概念的園區，下列哪個選項的作為""不適合""出現？",採購進口建材,選購節能標章的設施,採用太陽能發電系統,利用風力發電,A
223,關於將廚餘從一般垃圾中分出來的敍述，何者為非？,能夠減少垃圾放置時所產生的惡臭,能夠用以填土造地,能夠增加垃圾焚化時的能源效率,能夠減少戴奧辛的產生及傳播機率,B
224,地球日是每年的哪天?,4月22日,6月5日,6月8日,10月16日,A
225,河川裡重要的植物營養物質為何？,重金屬,氮磷,懸浮固體,水中溶氧,B
226,下列何者「不屬於」減少人為的噪音方式或作為?,電視機音量大小應適中,娛樂場所加裝隔音設備,逢年過節應鼓樂喧天,施工前須做好防護措施,C
227,《文化資產保存法》中的自然地景、自然紀念物所指為何？,流傳於各族群與地方之傳統技藝與藝能,指具保育自然價值之自然區域、特殊地形、地質現象、珍貴稀有植物及礦物,與國民生活有關之傳統並有特殊文化意義之風俗,蘊藏過去人類生活所遺留具歷史文化意義之遺物,B
228,以聚乙烯對苯二甲酸酯（PET）為原料的填充容器，俗稱什麼？,鋁箔包,紙容器,寶特瓶,保麗龍,C
229,關於「淨零排放」的描述，何者正確？,指溫室氣體排放量與碳匯量達成平衡。,代表二氧化碳將被完全捕捉或儲存。,各國協定不再排放溫室氣體，並推動負碳工程，如再生能源等。,表示將達成溫室氣體零排放。,A
230,下列何種污水在淡水河流域占較高比例?,事業污水,畜牧污染,生活污染,農業污染,C
231,下列哪一項是地球暖化對人類的影響？,增加糧食生產,水資源更加充裕,增加傳染病發生機會,環境更適合居住,C
232,根據環境部資源循環署的說明，紙餐具在回收後送到專業處理廠，可以回收再製成什麼？,金屬製品和玻璃製品,纖維製品和木製品,紙製品和塑膠粒,布製品和橡膠製品,C
233,下列何種現象可以證明全球暖化正在發生?,北極熊數量增加,高山植物往平地擴散,珊瑚大量增生,冰河面積衰退,D
234,根據「淨零政策與法規」影片，哪一年聯合國大會決議設立《政府間氣候變化綱要公約談判委員會》？,1985年,1990年,1995年,2000年,B
235,依照「網際網路購物包裝限制使用對象及實施方式」的規定，網際網路零售業者其紙類包裝材料(箱)需要有多少比例以上的回收紙含量？,25%,50%,75%,90%,D
236,若民眾想知道周遭居住環境的懸浮微粒濃度，可至哪個網站查詢?,環境教育終身學習網,綠色生活資訊網,環境影響評估書件查詢系統,空氣品質監測網,D
237,下列哪一種不是溫室氣體的種類?,甲烷,二氧化碳,氧氣,氧化亞氮,C
238,2021年氣候變化綱要公約第26次聯合國締約國大會將「2050淨零碳排」列入全球共識，此協定稱之為何？,巴黎氣候協定,京都議定書,格拉斯哥氣候公約,里約熱內盧氣候協議,C
239,為了保育臺灣生態，政府劃定許多不同類別的特殊區域，請問下列哪一種完全不需申請就可直接進入？,自然保留區,野生動物保護區,自然保護區,國家自然公園,D
240,下列何者對於土壤自淨作用的描述是正確的？,由人類添加化學物分解,主要由微生物分解,透過動物飲食吸收,藉由種植植物吸收,B
241,下列何者不符合「淨零綠生活」的生活態度及消費模式?,採購材質單一或使用再生材料的服飾,選擇居住在綠色的建築,選擇提供環保餐具的餐廳用餐,拒絕大量排放溫室氣體的商品,B
242,聯合國所發表的「二十一世紀議程」(Agenda21)的意義為何？,推動永續發展,發展宇航技術,解決全球金融危機,發展基因改造工程,A
243,海嘯在深海處的傳遞速度與以下哪一交通工具相當？,噴射機,高鐵,高速公路上的汽車,自行車,A
244,下列何者「不是」環境部建立空氣品質監測的主要目的？,防制空氣污染,防止紫外線過高,提升空氣品質,掌握監測數據,B
245,因為哪一種原因使得生物分布逐漸往高海拔或高緯度移動？,聖嬰現象,臭氧層破洞,酸雨,全球暖化,D
246,下列有關毒性實驗中的LD50，其敘述何者正確？,LD是指中毒劑量,50是指動物產生中毒的百分比,LD50愈小，致命性愈大,有些化學物質對人類的LD50可以直接測試,C
247,國際志工日是幾月幾日?,4月22日,6月5日,11月12日,12月5日,D
248,下列哪一個不是「淨零綠生活」中購買的推廣核心?,增加網購便利,二手商品循環使用,綠色消費,以租代購，以修代買,A
249,遇公害發生，民眾最常見處理方式為何？,向法院申告,向環保機關檢舉,發函環境部處理,向立法委員反映,B
250,根據IPCC的報告，如果地球暖化2度，可能發生什麼事情？,全年結冰,半年結冰,3個月結冰,北極海可能每10年出現一次完全無冰狀態,D
251,我國的飲用水來源主要為何？,河川水,逆滲透水,海水,回收水,A
252,以臺灣的地形、季風及降雨等氣象條件來說，哪一季節的空氣品質較差？,春,夏,秋,冬,D
253,請問訂定各縣市「地方調適執行方案」為「氣候變遷調適專章」哪一法條？,第17條,第18條,第19條,第20條,D
254,下列有關我國「2050淨零轉型」，的四大轉型策略，何者有誤？,能源轉型,產業轉型,生活轉型,環境轉型,D
255,根據「淨零政策與法規」影片，哪一年聯合國大會決議設立《政府間氣候變化綱要公約談判委員會》？,1985年,1990年,1995年,2000年,B
256,下列何者不符合「淨零綠生活」的生活態度及消費模式?,採購材質單一或使用再生材料的服飾,選擇居住在綠色的建築,選擇提供環保餐具的餐廳用餐,拒絕大量排放溫室氣體的商品,B
257,在污水排放處附近將污水就地淨化，避免污水直接排入河水，此法通常稱之為何?,跨區處理,停滯處理,集中處理,現地處理,D
258,下列駕駛習慣，哪一個無法達到節能環保的作用？,把車停在陰涼的地方,開車前先暖車,開車保持穩定速度不急催急煞,檢查胎壓,B
259,根據「氣候變遷與調適政策法規」影片內容，CCUS技術中的第一個C代表什麼？,Capture,Carbon,Climate,Control,B
260,哪一個行為對環境的衝擊較小？,購買當地自產自銷的芒果,購買冷藏的非產季水果,購買空運冷凍藍莓,購買包裝精緻的進口水果,A
261,所謂的「淨零排放」是什麼?,不可以排放出任何溫室氣體,讓溫室氣體的排放量達到最低，並利用技術抵銷剩餘的排放量,使用技術移除大氣中所有的溫室氣體,排放別的氣體來對抗溫室氣體,B
262,"2015年,氣候變化綱要公約第21次締約國大會通過巴黎協定，旨在限制全球平均溫度增加在攝氏幾度之內？",1,2,3,4,B
263,「減碳要淨力，生活要帶綠」影片中提到，環保駕駛應該怎麼做？,開快車,不使用空調,將音響開到最大聲,定期清理車內不必要的雜物,D
264,下列何者是產生沙塵暴的主要原因？,颱風,空氣污染,種植樹木,沙漠化,D
265,以聚乙烯對苯二甲酸酯（PET）為原料的填充容器，俗稱什麼？,鋁箔包,紙容器,寶特瓶,保麗龍,C
266,以下哪一項是綠色消費的主要精神？,購買便宜的產品,選擇對環境傷害較少的商品,購買最流行的產品,選擇顏色最漂亮的商品,B
267,根據「減碳要淨力，生活要帶綠」影片內容，生態旅遊的特點是什麼？,價格便宜,時間短,環保、減碳、自然人文的深度旅遊,只適合年輕人,C
268,下列何者是臺灣周圍海域的季節性洄游魚類？,黑鮪魚,吳郭魚,香魚,鯰魚,A
269,若民眾想知道周遭居住環境的懸浮微粒濃度，可至哪個網站查詢?,環境教育終身學習網,綠色生活資訊網,環境影響評估書件查詢系統,空氣品質監測網,D
270,下列何種污水在淡水河流域占較高比例?,事業污水,畜牧污染,生活污染,農業污染,C
271,請問我國於112/2/15修正「溫室氣體減量管理法」為何種法？,氣候變遷因應法,氣侯因應調適專法,淨零碳排專法,氣候變遷調適專章,A
272,面對工業科技所造成的環境破壞危機，要如何因應？,逐步將工業轉型為農業,修改憲法禁止工業發展,制定良善的環保法令，兼顧經濟與環境需求,將工業區設在人口稀少的地方,C
273,〈節能減碳無悔措施全民行動方案〉，提出十項無悔措施供民眾參考實踐。下列何者不屬於十項無悔措施?,自備杯筷帕與袋,冷氣控溫不外洩,出門多開車,多吃蔬食少出肉,C
274,下列何者不符合響應「環保餐廳」的三大要點?,做好源頭減量,使用在地食材,拒絕網路推銷,推行惜食點餐,C
275,下列何者不是目前臺灣的國家公園?,阿里山國家公園,雪霸國家公園,陽明山國家公園,臺江國家公園,A
276,連續五日以上最高氣溫超過平均最高氣溫5°C以上，則稱為「熱浪」，下列何者並非熱浪的成因?,全球暖化,熱島效應,焚風,火災,D
277,面臨氣候變遷與極端氣候的衝擊，總統府新成立什麼委員會，採取積極的作為?,國家氣候變遷對策委員會,全社會防衛韌性委員會,健康臺灣推動委員會,國家科學及技術委員會,A
278,影片「減碳要淨力，生活要帶綠」中提到的共享經濟的概念是什麼？,擁有更多財產,出租代替購買,減少工作時間,增加消費,B
279,人類進入到下列哪一個時代，溫室效應越趨嚴重？,石器時代,農業時代,金屬器時代,工業時代,D
280,臺灣西部遺留了許多早期先民所挖掘的埤塘，下列何者為這些埤塘現今功能之一？,大量農作生產,清洗衣物,工業用水,涵養水源,D
281,為了讓民眾的「二手物」有合適物品的處理管道，環境部建置了「全國不用品藏寶地圖」網站，下列何者為此網站成立的宗旨?,愛物野生動物，守護美好家園,愛物惜福、延長物命、減廢回收,保護環境，維護生態，世代永續,愛花草，空氣好，環保做不好，生命就難保,B
282,全臺灣有11個國定遺址，宜蘭境內就有2個，請問是哪兩個？,淇武蘭遺址、新城遺址,大坌坑遺址、十三行遺址,奇立丹遺址、宜蘭農校遺址,丸山遺址、漢本遺址,D
283,《華盛頓公約》的目的為何？,促進資源永續利用,防止全球暖化,防止氣候變遷對生態系造成之衝,保護瀕臨絕種生物,D
284,根據「噪音管制區劃定作業準則」第6條，「夜間」在第一、二類噪音管制區所指時段為何?,晚上十一時至翌日上午七時,晚上十時至翌日上午六時,晚上八時至晚上十時,晚上八時至晚上十一時,B
285,根據「氣候變遷與調適政策法規」影片內容，氣候變遷因應法延續了哪一個法律體系？,溫室氣體減量及管理法,水污染防治法,廢棄物管理法,空氣污染防治法,A
286,下列何者「不是」海平面上升後所造成的後果？,人口密度降低,陸地減少,農作物產量減少,農田遭水淹沒,A
287,下列哪一項不是環保祭祀的方法？,少點線香,減少點蠟燭或光明燈,使用大面額紙錢,燃放煙火,D
288,下列何種購物行為「沒有」綠色消費觀念？,買咖啡自備環保杯,購買天然殺蟲劑，減少環境污染,不接受店家提供的免費塑膠袋,單次使用、用過即丟的商品較衛生,D
289,何者位於臺灣東部外海的海洋？,大西洋,臺灣海峽,太平洋,南海,C
290,以下關於「原住民族地區」的敘述何者正確？,係指所有原住民現在居住地區,係指原住民報請政府後指定居住地,係指原住民傳統居住，具歷史淵源及文化地區,係指原住民族與漢人新舊文化融合地區,C
291,家戶垃圾最好的處理方式為何？,源頭減量,衛生掩埋,焚化爐焚燒,棄置山溝,A
292,下列哪一種被認定是含有有害物質的廢棄物？,乾電池,麵包,玻璃,衣服,A
293,環境部為避免露營產生的污水，直接排放污染水體，於113年1月16日修正公告「禁止足使水污染行為」之污水處理新規定，適用於哪些地區?,所有露營場,都市露營場,中低海拔露營場,水污染管制區露營場,D
294,根據「淨零政策與法規」影片，巴黎協定的目標是將全球平均氣溫增加限制在多少度以內？,1度,1.5度,2度,5度,C
295,臺灣地震的發生，大部分是由於下列哪種原因所造成的？,火山爆發,板塊碰撞引起地層擠壓,山崩,海嘯,B
296,霧和霾的區別主要是什麼？,顏色和成分,顏色和溫度,成分和濕度,成分和時間,C
297,2019年全球溫室氣體排放量約500億噸，臺灣的溫室氣體總排放量，大約多少億噸？,1億噸至2億噸,2億噸至3億噸,3億噸至4億噸,4億噸至5億噸,B
298,屏東林邊的地層下陷原因為何？,超抽地下水,颱風導致,積水不退,地震導致,A
299,有關當前在進行碳匯碳捕捉的最新技術CCUS，請問按照CCUS之順序排列而下，何者敘述有誤？,Carbon.碳,Capture.捕捉,Utilization使用率,Separate.分離,D
300,下列何者不是目前常見的氣象衛星雲圖？,可見光雲圖,紅外線雲圖,紫外線雲圖,水氣頻道雲圖,C
301,下列何種法規是目前臺灣沒有特別公告的？,噪音管制法,水污染防治法,振動管制法,環境影響評估法,C
302,關於地質公園的敘述，何者正確？,地質公園定義為擁有觀光價值的場域，並包含地質、考古及文化價值。,聯合國世界旅遊組織希望透過公園促進生態旅遊而推動,地質公園計畫前身是法國非政府組織「世界地質公園網絡」,我國的野柳地質公園即是受核可的世界地質公園,C
303,登革熱是一種環境病、社區病，需清除病媒蚊孳生源，請問以下列何者是防範登革熱的口號?,「看、倒、沖、洗」,「巡、倒、沖、洗」,「查、倒、沖、洗」,「巡、倒、清、刷」,D
304,有關行政院環境保護署推動的資源永續循環再利用(3R)的正確流程，下列敘述何者正確？,源頭減量→回收→再使用,回收→源頭減量→再使用,再使用→源頭減量→回收,源頭減量→再使用→回收,D
305,有關二氧化碳和氧氣的敘述，下列哪個選項是正確的？,汽水的主要成分是溶入氧氣的碳酸水,氧氣不助燃的特性，可作為滅火器使用,酵母菌的發酵作用會產生氧氣，使麵包膨鬆,動物呼出的氣體含有二氧化碳,D
306,黑面琵鷺是世界上非常稀少的鳥種，被列為瀕臨滅絕動物保護，每年9月至10月抵臺，一直待到翌年的3月至5月左右，才陸續飛離臺灣。請問黑面琵鷺主要分布在哪一個地區?,東歐,西亞,東亞,南美洲,C
307,下列那個濕地位於鳳凰山脈與阿里山山脈嶺線分界點，且植物界線分明？,椬梧濕地,大湳湖濕地,草湳濕地,草坔濕地,D
308,下列哪一種元素會使土壤產生紅色的現象？,鉻(ㄍㄜˋ),鐵,銅,硫,B
309,下列有關『臭氧層』的敘述，何者錯誤？(A:)臭氧自然形成於距地表25至50公里的大氣層中，可以吸收紫外線，[...],[...]故臭氧層的作用對地球生物極為重要。,於聯合國簽署的《蒙特婁議定書》是世界各國保護臭氧層的轉捩點,臭氧層的破損與極端氣候互為因果,縱使各國再如何努力保護地球，已經遭破壞的臭氧層破洞已經難以復原,D
310,海底珊瑚礁露出水面所形成的島嶼稱之為珊瑚礁島。以下何者為此類型島嶼？,金門島,馬祖列島,綠島,東沙島,D
311,「在中緯度地區，由於某種關鍵因素的影響，天然植被的經向地帶性格外規律，呈現由西(沿海)向東(內陸)依序為森林、草原與沙漠的變化。」上述最為關鍵的影響因素應為下列哪個選項？,洋流,西風,海拔高度,熱帶氣旋,B
312,下列對雙酚A的敘述何者錯誤?,常見於塑膠瓶、玩具上,影響生殖與發育,造成體重過瘦,會造成糖尿病,C
313,有關生物的命名法，下列哪個選項是正確的？,以俗名分類,俗名加上種名,學名,種名,C
314,水庫內的水質優養化對水庫中的魚類最後會造成什麼影響？,水中有更多對魚類生存有幫助的養分,水質變好，但對魚類沒有幫助,水質變差，影響魚類的生存,對魚類完全沒有任何影響,C
315,每年在大量紫斑蝶遷徙時段行經國道三號林內段時，國道高速公路局會封閉國道三號林內段外側車道的讓道方案，用意是什麼？,疏解交通壅塞,保護自然生態,促進觀光發展,顧及行車安全,B
316,幾十年前曾有人引進小花蔓澤蘭來綠化環境，今日這種植物已經在臺灣部份地區造成許多原生植物死亡，甚至危害農作物，因此有綠色癌症之稱，關於此現象，下列哪個選項是正確的敘述？,這是天擇的結果，應讓其自然演化,不當引入外來生物，可能破壞原本的生態平衡,應多引入外來種昆蟲，以控制此植物的繁衍,外來種植物可增加本地的生物多樣性,B
317,臺灣中高海拔山區唯一最廣大而完整的生態保護區是下列那一個？,關渡自然保留區,出雲山自然保留區,葉蘭自然保留區,大武山自然保留區,D
318,以下何種能量會被地球吸收而產生暖化的現象？,紅外線,X光,雷射,α射線,A
319,以下哪些天然災害可能會與氣候變遷效應發生關聯性？(A)洪水 | (B)山崩與土石流 | (C)土地沙漠化 | (D)地層下陷。,[A],[AB],[ABC],[ABCD],D
320,下列何者為「族群」的意義？,生長於同一時期、同一棲地的同種生物集合,生長於同一時期、同一棲地的所有生物集合,生長於同一時期、不同棲地的同種生物集合,生長於不同時期、同一棲地的所有生物集合,A
321,天氣預報中的「人體舒適度」意指為何？,不同溫度、濕度條件下，人體感覺舒適的程度,不同氣壓條件下，人體感覺舒適的程度,不同太陽光強度，人體感覺舒適的程度,天空雲量多寡，人體感覺舒適的程度,A
322,世界環境日是聯合國鼓勵全球居民提高環保意識和採取環保行動的主要力量。請問聯合國人類環境會議將每年的幾月幾日作為「世界環境日」?,3月21日,4月22日,5月22日,6月5日,D
323,收集酸雨，用石蕊試紙檢驗會有下列哪種變化？,藍色石蕊試紙變紅色,紅、藍石蕊試紙都不變色,紅色石蕊試紙變藍色,都變成黑色,A
324,鵝鑾鼻公園裡，什麼地方是蝴蝶們絕佳的避風港，可以阻擋落山風?,燈塔,矮灌木,棕櫚樹,珊瑚礁岩,D
325,因臺灣位於歐亞大陸板塊與菲律賓板塊交界處，地震頻繁，對於地震的應變措施下列何者有誤?,地震發生時應躲在黃金三角處,地震發生時應躲在冰箱旁，確保食物充足,若發生強烈地震應趕緊開門，防止門變形逃不出去,以上皆是,D
326,下列何種方式在校園內可以節省能源？,多乘電梯，少走樓梯,裝設自動感應照明,空調設定於20~23度,共乘計程車,B
327,下列哪一種植物屬於臺灣原生種？,銀合歡,小花蔓澤蘭,大花咸豐草,玉山杜鵑,D
328,下列哪個選項最有可能是近年來全球暖化日益嚴重的主要原因？,被大氣吸收的太陽輻射增加，地表大氣中溫室氣體過低,被大氣反射到太空的太陽輻射增加,被地表反射到太空的太陽輻射增加,被大氣吸收的地表輻射增加,D
329,在衛星雲圖上，臺灣南部被一大片白色的東西所遮住，試問臺灣南部的天氣狀況如何？,陰天或下雨,晴朗炎熱,強風,濃霧,A
330,根據《文化資產保存法》的界定，「澎湖石滬文化景觀－吉貝石滬群」是屬於哪一種類型景觀？,聚落建築群,文化景觀,自然地景,考古遺址,B
331,自然保留區的設置是依下列哪一項法規所推動？,文化資產保存法,國家公園法,野生動物保育法,環境保護基本法,A
332,根據環境教育法第四條，下列選項中哪些是環境教育之對象?,全體國民,政府機關,學校,以上皆是,D
333,太魯閣國家公園因海拔落差大，且受下列哪種因素影響，形成明顯垂直的溫差和氣候變化？,東北季風,雨水豐沛,地質構造特殊,冬季降雪,A
334,為因應溫室效應對地球的危害，各國皆著手研擬各種不同類型之減緩策略，以下哪些「不是」臺灣的減緩策略？,發展火力發電技術,節約能源、提高能源效率,開發新興與再生能源,發展溫室氣體減量技術,A
335,下列何者是酸雨帶來的危害？,全球暖化,輻射污染,礦產消失,土壤酸化,D
336,「海砂屋」是因為建築房屋時使用的海砂中含有什麼離子造成混凝土病變？,氯離子,鈉離子,鈣離子,鎂離子,A
337,有關酸雨的敘述，下列敘述哪個選項是正確的？,大氣中的二氧化碳溶解於雨水中所致,酸雨對動物危害比較大，對植物沒有影響,大氣中硫氧化物溶解於雨水中會造成酸雨,主要為工廠排放的廢氣與汽車廢氣無關,C
338,下列何者的蒸發作用是形成雨水最主要的來源？,海洋,河川,湖泊,冰山,A
339,餐飲業者達成幾項「十大惜食行動」即可成為惜食推廣種子店家？,一項,三項,五項,十項,B
340,下列何者是造成臺灣西部沿海地層嚴重下陷的原因？,地殼板塊運動,火山活動,超抽地下水,地震,C
341,下列何者「不是」河川水質監測項目之一？,水溫,酸鹼值,總三鹵甲烷,硝酸鹽氮,C
342,《京都議定書》中規範下列何種溫室氣體？,二氧化碳(CO2),氧氣(O2),一氧化碳(CO),臭氧(O3),A
343,下列有關鉛的生物偵測的敘述何者「錯誤」？,有機鉛化合物的吸收，主要是由皮膚吸收,循環中的鉛，90%會與紅血球結合,90%的鉛會最後儲存於骨骼,有機鉛的暴露，最好的偵測指標則是血中鉛濃度,D
344,一般家庭由自來水公司配送之水資源，應再經何種淨水程序方可飲用？,可直接飲用,取水於容器中靜置一段時間,經煮沸後可飲用,不可使用於飲食上,C
345,為推動全民食農教育，強化飲食、環境與農業之連結，特制定「食農教育法」。請問其推動方針不包含下列何者?,支持認同在地農業,地產地消永續農業,傳承與創新飲食文化,加入WTO提倡公平貿易,D
346,下列何種組合屬於「海洋能」發電？,潮汐發電、溫差發電,溫差發電、汽電共生發電,洋流發電、燃煤發電,潮汐發電、燃氣發電,A
347,我國第一座海洋國家公園，其珊瑚礁屬於特殊珍貴自然景觀？,澎湖南方四島國家公園,金門國家公園,東沙環礁國家公園,墾丁國家公園,C
348,全球可劃分為熱帶、溫帶、寒帶三個氣候帶。劃分此三個氣候帶的指標為哪兩條緯線？,本初經線、赤道,赤道、回歸線,回歸線、極圈,國際換日線、赤道,C
349,日常耗能以空調與照明用電佔最大比例。一般而言，哪一種燈具的耗電量最高？,鎢絲燈泡,日光燈,LED燈,省電燈泡,A
350,有關空氣污染的敘述，下列何者「錯誤」？,一氧化碳可能造成人體中毒現象,二氧化氮是造成雨水酸化的原因之一,臭氧只對植物有害，對人類沒影響,二氧化硫是造成雨水酸化的原因之一,C
351,公害造成損害時，「程度鑑定」主要為了確認下列何者？,何種污染物造成損害,造成損害之污染來源,評估危害程度,以上皆是,C
352,民國75年高雄縣二仁溪口發生養殖牡蠣因受到水污染而變綠死亡，試問導致綠牡蠣事件的原因是下列哪個選項？,水中藻類大量繁殖,水中有機物質濃度過高,水中含有毒的重金屬,水中溶氧量過高,C
353,有關潮間帶的敘述，下列哪個選項是「錯誤」的？,位於滿乾潮之間的地帶,提供人們養殖、遊憩與觀光的主要場所,生物能適應短暫缺水及陽光曝晒,此地生態系的生產力，與其它生態系相較，生產力偏低,D
354,下列哪個地區可以發現具有肥厚的脂肪層、能生存在低溫環境中的動物？,草原,熱帶雨林,濱海沼澤,極地,D
355,下列哪一項是常見的環境荷爾蒙？,硼酸,氯化鈉,硫酸,DDT,D
356,請問下列選項何者為壽山的舊稱？,打狗山,打猴山,打鳥山,打貓山,A
357,有關大氣中臭氧分布的敘述，下列哪個選項是正確的？,臭氧大部分存在離地面10至50公里的範圍內,大氣中90%的臭氧分布在由地面起至25公里高空的範圍內,離地面25至50公里的高空，臭氧的分布隨高度的增加而增加,離地面10至50公里的範圍內，臭氧的分布隨高度的增加而降低,A
358,天氣現象千變萬化，天氣預報更是一件勞心勞力的工作。有關天氣預報的敘述，下列何者是正確的？,天氣預報僅需參考地面、高空和衛星等觀測資料,紫外線強度並不包含在預報項目內,將觀測資料輸入電腦，即可得到準確的預報資料,影響天氣變化的因素很複雜增加預報工作的困難度,D
359,下列何者屬於可以回收的電池？,碳鋅電池,鎳鎘電池,鋰電池,以上皆是,D
360,想要一睹閩南文化、僑鄉文化、戰地文化等不同時代的特質，可在下列哪一個國家公園體驗？,東沙環礁國家公園,澎湖南方四島國家公園,金門國家公園,台江國家公園,C
361,潮間帶常有許多的螺類，試問下列何者可食用？,花冠芋螺,漁舟蜑螺,斑芋螺,織錦芋螺,B
362,下列哪一項「不是」臺灣地層下陷的主因？,地層的變化運動,軟弱沖積層的自然壓實,超抽地下水,農地過度開墾,D
363,河川魚群暴斃的主要原因大多為水中溶氧不足，在下列何時段最容易發生魚群暴斃事件？,清晨,中午,傍晚,半夜,A
364,黑面琵鷺是世界上非常稀少的鳥種，被列為瀕臨滅絕動物保護，每年9月至10月抵臺，一直待到翌年的3月至5月左右，才陸續飛離臺灣。請問黑面琵鷺主要分布在哪一個地區？,東歐,西亞,東亞,南美洲,C
365,幾十年前曾有人引進小花蔓澤蘭來綠化環境，今日這種植物已經在臺灣部份地區造成許多原生植物死亡，甚至危害農作物，因此有綠色癌症之稱，關於此現象，下列哪個選項是正確的敘述？,這是天擇的結果，應讓其自然演化,不當引入外來生物，可能破壞原本的生態平衡,應多引入外來種昆蟲，以控制此植物的繁衍,外來種植物可增加本地的生物多樣性,B
366,下列何項對環境賀爾蒙的敘述為錯誤的？,可能存在於塑膠製品中,環境賀爾蒙為疏油性,可能導致孩童性早熟,環境賀爾蒙結構與人體雌激素相似,B
367,下列何者為溫室氣體甲烷主要來源之一？,燃燒化石燃料,汽車冷氣的主要冷媒,燃燒木材,家畜腸道發酵作用,D
368,下列對於土壤肥沃的描述何者正確？,土壤很紅,土壤很鬆,提供作物生產需求養份,土壤屬中性，不酸也不鹼,C
369,垃圾源頭減量最有效的方法為？,做好垃圾分類，資源回收,多使用塑膠製品,建造焚化爐，減少垃圾體積,惜物惜福，減少垃圾的產生,D
370,關於壽山國家自然公園，以下敘述何者正確？,太魯閣族人可能曾在此生活,噶瑪蘭族人可能曾在這此生活,馬卡道族人可能曾在這生活,凱達格蘭族人可能曾在此生活,C
371,"今年1月6日至8日舉行的「2023黑面琵鷺全球同步普查」記錄到全球共有6,603隻度冬的黑面琵鷺，請問台灣共記錄到幾隻？",1228,2228,4228,6228,C
372,在生物鏈越上端的物種其體內累積持久性有機污染物(POPs)濃度將越高，危害性也將越大，這是說明POPs具有下列何種特性？,持久性,半揮發性,高毒性,生物累積性,D
373,全球溫度上升會使下列何種現象變得更加嚴重？,酸雨現象,聖嬰現象,日蝕現象,地震頻繁現象,B
374,為了防範「登革熱疫情」，做以下何者行為來有效防範「登革熱疫情」？,去除家中及周遭環境的積水,多種植植物,把門打開通風,噴大量的芳香劑,A
375,羅漢門迎佛祖「主神三轎」，若就其角色而言，可分為『』為一號轎，『』為二號轎，『』則為三號轎，參與神尊各有不同的歷史背景與任務功能。請問三轎主神依序為？,土地公轎、佛祖轎、陪香轎,土地公轎、陪香轎、佛祖轎,佛祖轎、土地公轎、陪香轎,佛祖轎、陪香轎、土地公轎,B
376,我們挑選冷氣時應該重視下列何種指標對環境才是更友善的？,HP值,EER值,A值,COD值,B
377,近年來，臺灣大量使用地下水的結果，部分地區開始出現下列哪些現象？(A)優養化；(B)地層下陷；(C)土壤鹽化；(D)湖泊污染；(E)地下水鹹化。,ABC,BCE,BCD,CDE,B
378,宜蘭縣政府發放廚餘回收桶給家戶，避免將廚餘混入一般垃圾送入焚化爐燃燒，廚餘不適合燃燒的原因下列何者正確？,廚餘含有大量水分，會降低焚化爐的焚燒溫度,廚餘進入焚化爐燃燒，會導致戴奧辛的產生,廚餘鹽份太高，也容易傷害爐體,以上皆是,D
379,在勞動時大量出汗，鹽份亦會同時損耗，若只補充水份容易引起肌肉抽搐疼痛。此為何種熱危害症狀？,熱中暑,熱痙攣,熱衰竭,心臟衰竭,B
380,有關生物多樣性的觀念，下列哪個選項是「錯誤」的？,引進世界各地區之不同種生物，以增加臺灣的生物多樣性,生物多樣性有利於維持生態系的平衡,生物多樣性有助於自然界物質及能量的流動,與人類較無直接相關的生物種類，也應該加以保留,A
381,為了防治秋行軍蟲，農委會訂定了通緝四步驟，不包括以下何者？,巡察,辨識,通報,用藥,D
382,位於熱帶地區的達悟族如何降低酷暑時住家之高溫？,部落建坡地上享受季節性涼風,儲存冬季積雪，夏日取出降溫,居家四週灑水，降低環境溫度,屋頂開立天窗，增加空氣對流,A
383,下列何者是臺灣主要面臨的環境問題之一？,垃圾量逐年減少,輻射外洩,空氣污染嚴重,降雨日增加,C
384,臺灣山坡地質條件不佳，因此經常發生坡地災害。下列關於地層滑動的敘述，何者正確？,地層滑動通常出現在盆地或平地,其運動速率非常快速,當地層滑動過後，此地將不會再出現滑動的可能,產生原因多為豪雨及地質構造運動等天然因素,D
385,下列何項環境賀爾蒙化學物質在應用上配對錯誤？,雙酚A→塑化劑,壬基酚→工業清潔劑,五氯酚→農藥,全氟化合物→阻燃劑,D
386,下列何種現象是造成森林自燃的主要原因？,因為颳風下雨，使樹木不斷摩擦產生,因季節性氣候乾燥，容易產生高溫環境,因土石崩落，造成火災,因人為疏忽造成火災,B
387,新北市蘆洲2021年虐貓「茶茶事件」。當時一名黎姓男子因與女友吵架，竟用熱水將二人共同飼養的貓咪「茶茶」凌虐致死，新北地院依違反下列何者法規處以罰鍰？,《環境教育法》,《動物保護法》,《廢棄物清理法》,《水污染防治法》,B
388,地球平均氣溫愈來愈高，一般認為的主因為下列何者？,火山活動增加,人為二氧化碳的排放量增加,太陽輻射,空氣中帶有硫酸及硝酸成分,B
389,造成土石流的原因有自然跟人為二種因素，為避免人為因素造成土石流，下列何者是我們可以做的？,開墾山坡地，改種茶葉、檳榔樹等經濟作物,將不要的工程廢土填置在山坡地,多在山上開路採礦,在山坡地多種植抓地力強的樹種,D
390,「這種氣體在溫室氣體中，雖然吸收長波輻射能量的能力最低，但是它卻占了溫室氣體總量的大部分，而對溫室效應造成最大的影響。」，上述氣體最可能為下列何者？,甲烷,二氧化碳,全氟化碳,六氟化硫,B
391,鵝鑾鼻公園裡，什麼地方是蝴蝶們絕佳的避風港，可以阻擋落山風？,燈塔,矮灌木,棕櫚樹,珊瑚礁岩,D
392,下列何者為評估水體品質常用之生物指標？,青黴菌,大腸桿菌群,藍綠菌,肉毒桿菌,B
393,由板塊擠壓而成的臺灣，地殻活動仍持續進行。下列有關敘述何者是「錯誤」的？,嘉南平原的沉積物有部分來自中央山脈,陸地上升會加速侵蝕作用的進行,數百萬年後，臺灣可能被侵蝕成平坦的地形，高山將消失,板塊擠壓使斷層活動頻繁,C
394,環境部修正「免洗餐具限制使用對象及實施方式」公告，自112年何時起，8類限制使用對象不得提供生物可分解塑膠製成之免洗餐具？,7月1日,8月1日,9月1日,10月1日,B
395,想要在墾丁國家公園觀賞最壯觀的猛禽遷徙景觀最好的季節是？,春天,夏天,秋天,冬天,C
396,民眾在丟垃圾時，應依政府規定將垃圾分為幾類？,五大類,四大類,三大類,兩大類,C
397,下列何者是土石流的特徵？,表面流速慢，下面流速快,表面流速快，下面流速慢,泥沙濃度低,衝擊力不大,B
398,用自來水養魚，為什麼容易造成魚兒死亡？,自來水中沒有氧氣,自來水中沒有養分,自來水中含有餘氯,自來水中含有臭氧,C
399,下列何者是從源頭減少土壤污染的方法？,改善工業製程，降低製程污染排放,把污染的土壤移到別的地方,針對可能污染的土壤進行土壤檢測,把有污染的區域劃定為污染管制區,A
400,環境部於111年1月1日起推動「廢車回收一站通」服務，請問下列選項中何者對於此服務的描述錯誤？,報廢車輛可以不用至監理站辦理,回收獎勵金直接匯入戶頭,完成報廢車籍，且汽車車齡達5年以上者，可申請回收獎勵金,車牌可交由回收商代為繳回,C
401,以下哪一項國際協議為全球共同面對氣候變遷與減碳的行動框架？,巴塞爾公約,巴黎協定,斯德哥爾摩公約,蒙特婁議定書,B
402,根據《文化資產保存法》，下列何者敘述錯誤？,毀損或移走古蹟，可能判刑並罰錢。,文化資產若損壞，要回復原狀，若無法回復則賠償損害。,國寶或重要古物要出國，需先申請主管機關核准。,公有古物想要複製收藏，為個人行為，政府不會干涉。,D
403,隨著科技的進步，現代科學家運用什麼方法，來進行更高效率的「微生物研究」？,用培養液及特定的培養條件，培養出微生物。,"次世代基因定序法(Next Generation Sequencing, NGS)",桑格定序法(Sanger sequencing),以上皆為高效率的研究方式,B
404,焚化底渣資源化處理後，所分離出的鐵金屬與非鐵金屬，應依規定如何處理？,由合格回收商處理,掩埋處理,覆土處理,焚化廠處理,A
405,下列何者不是臺灣「2050 淨零排放」十二項關鍵戰略？,前瞻能源,海洋保育,公正轉型,綠色金融,B
406,過去大安森林公園曾經捕捉到鱷魚。推測鱷魚出現的來源為何？,遭民眾棄養的寵物,公園內原有的生物,政府引入用來增加公園內生物多,學術單位進行的保育研究,A
407,下列何者為泰雅族傳統織布的重要原料？,棉花,亞麻,黃麻,苧麻,D
408,以下哪一項飲食行為最符合低碳飲食原則？,食用高級進口和牛,食用在地當季水果,食用網購外送餐點,食用精緻烘焙甜點,B
409,研究指出，碳排放增加使氣候系統變得不穩定，進而加劇自然災害的發生。下列哪一項策略最有助於從源頭減緩這類災害的發生？,鼓勵使用再生能源,興建海水淡化廠以應對乾旱,加強預警系統以提早應對災害,設置消波塊以減緩海岸侵蝕,A
410,DDT造成生物放大效應的原因為何？,因DDT在生物體內無法分解，在生物體內的濃度隨著食物鏈的階層逐漸增加,因高級消費者體內分解DDT的能力較生產者低,因為較大型的動物偏好捕食具DDT的生物,因DDT使受污染生物的總生物量增大,A
411,下列何者不是環保標章產品的特性？,可回收,較貴,省資源,低污染,B
412,若在模擬情境中，發現未來海平面上升1公尺，造成大量人口需遷移。政府應採取下列哪項策略較為有效？,禁止媒體報導災情,放任居民自行搬遷,停止所有農業活動,規劃遷村與都市轉型,D
413,以下關於海水淡化的敘述，何者不正確？,海水淡化又稱為海水脫鹽,海水淡化的目的主要是為了提供民生用水,台灣目前的海水淡化廠大多數設立在淡水資源較不足的離島,海水淡化會導致海平面下降，減緩氣候變遷帶來的衝擊,D
414,與自然萬物和諧共處，以「燒墾游耕」方式放火燒草而不施肥，請問這是哪一族群的傳統農耕技法？,泰雅族,平埔族,西拉雅族,邵族,A
415,下列何者是目前臺灣生物資源遭受威脅的主因之一？,生物因天擇被淘汰,因原生生物彼此競爭大，導致物種減少,土地過度開發或不當利用,遭到天敵捕獵,C
416,人類常會利用各種地形從事適合的活動，下列哪一項開發與地殼曾經有過的隆升作用無關？,半屏山的水泥工廠,長濱海蝕洞內的廟宇,花東海階上的聚落,蘭陽平原上的水田,D
417,每逢秋、冬季節，臺灣各個河口形成賞鳥最佳地點。若要欣賞大量「黑面琵鷺」過冬景象，以下何處最有機會？,高屏溪口,大甲溪口,曾文溪口,淡水河口,C
418,下列對於自然資源保育的敍述哪一項是「錯誤」的？{...}>自然資源依其形成的特徵和被人類利用時間的長短，...[...]>有限的自然資源中，一部分是...,{...}可分為可再生資源及非再生資源兩類,可再生的自然資源是指在一定時間內透過自然生產或其他循環過程來補充,[...]可更新的，如水、土壤、動物、植物等，故不需要特別珍惜,[...]不可更新的，如泥炭、煤、石油、各種礦物等，在地球的存量有限，故應合理的利用,C
419,土石流災害之發生，乃因泥、砂、礫及巨石等地質材料與水之混合物受重力作用後產生流動所造成之災害，其發生包括一些要件，下列哪一項描述「不是」相關要件？,足夠的上游堆積物,有效的河床坡度,充足的水量,水土保持良好,D
420,台灣雖有多座水庫，但仍經常出現缺少危機，以下關於水庫的敘述何者正確？,缺水主要是因為原本興建的水庫太小，無法續存足夠的水量,由於許多水庫泥沙淤積嚴重，降低了原本水庫的蓄水量,水庫興建位置錯誤，因此無法蓄積足夠的水量,水庫的水量都作為發電用途，無法提供給民生及工業用水使用,B
421,為了達到源頭減量，環境部於112年7月訂定了哪一項限制，並在114年1月1日起正式生效？,旅宿業不得主動提供一次性個人用品。,菜市場不得主動提供塑膠袋給民眾。,網購包裝材料不可使用含聚氯乙烯塑膠材質。,全國飲料店全面禁用一次性塑膠杯。,A
422,一場颱風重創台灣，造成嚴重災損。由於重建資源有限，政府在分配資源時，若要落實「氣候正義」的理念，應優先考量哪一群體？,擁有保險的富人家庭,無家可歸的弱勢族群,房地產開發商,股市投資客,B
423,卡式爐瓦斯罐用完後，應當以『完、包、警、收』四步驟進行處理，請問關於口訣的意義，何者「錯誤」？,完：確認用完,包：單獨打包,警：加註示警,收：不可回收,D
424,「潮汐發電」的發電原理為何？,利用海水的溫差,利用海水的波動,利用海流的流動,利用海水的水位差,D
425,請問我國哪座國家公園地形由花崗岩、紅土臺地及海岸低地所組成？,台江國家公園,金門國家公園,太魯閣國家公園,雪霸國家公園,B
426,為什麼每個人都應該參與減緩氣候變遷的行動？,因為氣候變遷只影響其他國家,個人行動無法改變氣候變遷,每個人的小行動累積起來可以帶來正面改變,氣候變遷只需要政府處理，和人民無關,C
427,颱風來臨時容易造成土石流災害，其主要原因是下列何者？,颱風氣流引發海水倒灌，使土石遭侵蝕鬆動,颱風帶來短時強降雨，沖刷土石造成鬆動,颱風引發地震，使土石鬆動,颱風造成颳強風，使土石被吹落,B
428,1987年聯合國提出《我們的未來》報告書，其中指出「永續發展」的理念是？,完全禁用一次性餐具,各國減少硫化物排出量及削減氮氧化物30%,2008~2012年達到二氧化碳減量5~8%,滿足當代需求，且不損及後代滿足其需要之發展,D
429,下列何者「不是」飲用水水質標準中物理性之標準項目？,臭度,濁度,硬度,色度,C
430,下列關於微生物的說明，何者錯誤？,指人類肉眼看不見的微小生物，但不包含藻類。,十七世紀雷文霍克發明顯微鏡，人類才看到微生物的真面目。,腸道中的微生物，比人體全身的細胞還要多！,腸道中的微生物可促進人體的養分吸收。,A
431,公害病是指因公害而生的各種疾病，請問下列何者「不是」公害病？,油症,烏腳病,痛痛病,黃熱病,D
432,如果垃圾掩埋場沒管理好，垃圾滲出水流出來，最容易汙染哪一種資源？,空氣,聲音,地下水,能源,C
433,下列何者不屬於二日綠色旅遊行程的必要條件？,環保餐廳/綠食飯桌用餐,環境教育設施場所或生態遊憩場所,搭乘大眾運輸,環保標章旅館住宿,C
434,下列何者是利用垃圾焚化廠處理垃圾的最主要優點？,消除所有毒性,減少原本的垃圾體積,降低空氣污染,簡化處理垃圾的程序,B
435,下列何者不是台灣針對「永續旅遊」所做出的努力？,環境部規定自114年起，旅宿業者不得主動提供一次性備品。,清境地區業者大量興建民宿，促使當地成為熱門旅遊景點。,龜山島管制每日登島人數，減少過多遊客造成的生態壓力。,「台灣好行」景點接駁公車規劃，提升各景點的大眾運輸可及性。,B
436,購買環保標章產品能夠實踐哪一項理念？,增加商品包裝，提升吸引力,搭配促銷活動，大量採購囤貨,提升使用效率，減少資源浪費,使用化學塗料，提高產品耐久性,C
437,海上油輪漏油後，要用什麼方法清理油污？,自然分解,用吸油棉清理,用洗潔劑分解油污,加更多水稀釋油污,B
438,下列何種空氣污染物是機車排氣檢驗的檢測項目？,懸浮固體及氨氮,一氧化碳及碳氫化合物,懸浮微粒及硫氧化物,氮氧化物及鉛,B
439,釩液流電池與鋰電池相比，有哪些不同之處？,釩液流電池只能用一次。,釩液流電池用顏色顯示電力狀態，且更安全。,鋰電池體積比釩液流電池大很多。,相較於鋰電池，釩液流電池有較多爆炸的風險。,B
440,當湖泊養分過多時，會對河川或湖泊中的生物棲息環境造成何種影響？,魚類會大量繁殖,增加水中氧氣,藻類會大量繁殖,增加魚類的活動空間,C
441,下列何者並非天然濕地所具有的功能？,調節水資源,具備觀光與遊憩功能,生物棲地與食物來源,重要軍事戰略地形,D
442,以下哪一種細菌對珊瑚的生長有重要的影響？,鏈黴菌,葡萄球菌,乳酸菌,綠硫菌,D
443,關於土壤的敘述，下列何者正確？,土壤是由岩石風化後產生的碎屑組成，成分非常單純。,土壤只是植物需要的，對動物沒有太大的幫助。,土壤裡除了有岩石碎屑，還混有生物遺體腐化後的物質，並有分解者幫忙分解。,健康的土壤應該越乾淨越好，不可以有生物或枯葉殘渣。,C
444,氣象局針對山區發布「土石流黃色警戒」訊息。下列哪項是居民應採取的正確行動？,馬上返家收拾行李,前往山區觀察情況,注意政府指示並準備撤離,進入山區幫忙拍攝影片,C
445,台灣的離岸風機主要建在哪裡？,台灣西部的沿岸地帶。,臺南、高雄與屏東外海。,宜蘭、花蓮與台東外海。,新竹、苗栗與彰化外海。,D
446,有關省水標章的描述，以下何者不正確？,標章中的箭頭向上，代表將中心的水滴接起，強調回收再利用,右邊的三條水帶代表著愛水、節水、親水，鼓勵民眾愛護水資源,省水標章只有藍色一種顏色，若看到金色的標章代表是偽造的標章,貼有省水標章的器材與一般傳統器材相比，表示可以節省一半以上的用水量,C
447,聯合國提書SDGs永續發展目標，請問目標6是什麼？,經濟適用的潔淨能源,保育及維護海洋資源,氣候行動,清潔飲水和衛生設施,D
448,針對河川污染問題，以下哪一項做法最符合永續發展的整治策略？,倒入消毒水殺菌,以用水泥鋪設保護堤岸,拔除水中植物淨化水質,建設人工濕地進行自然淨化,D
449,以下哪一項不是「看不見的多樣性」影片中提到的保育行動？,種回小米，找回泰雅族族民的傳統農耕方式。,培養對珊瑚有幫助的好菌，幫助珊瑚健康。,一地多用，在魚塭養殖廠設置太陽能發電。,利用山林裡的微生物菌種來種菜和養雞。,C
450,臺灣的飲用水主要來源為何？,回收水,海水淡化,跟別國購買,河川,D
451,有關黑面琵鷺的敘述，下列哪個選項是「錯誤」的？,黑面琵鷺瀕臨絕種，屬於世界級保育類動物,黑面琵鷺是候鳥，他們每年會跨越許多國家到臺灣過冬,目前為了黑面琵鷺，我們必須保護臺南七股濕地，不宜開發為工業用地,為保育黑面琵鷺，我們應將他們關在動物園，方便加以照顧使其數量增加,D
452,目前臺灣「能源」供給以下列何者為最主要的？,煤,石油,核能,液化天然氣,B
453,全球可劃分為熱帶、溫帶、寒帶三個氣候帶。劃分此三個氣候帶的指標為哪兩條緯線？,本初經線、赤道,赤道、回歸線,回歸線、極圈,國際換日線、赤道,C
454,地球平均氣溫愈來愈高，一般認為的主因為下列何者？,火山活動增加,人為二氧化碳的排放量增加,太陽輻射,空氣中帶有硫酸及硝酸成分,B
455,下列有關登革熱的敘述何者「錯誤」？,主要是經由蚊子叮吮而感染,應在住屋加裝紗窗、紗門,家中積水容器可不用清理,會有發燒的症狀,C
456,全臺第一座太陽能高鐵車站為何？,臺中站,左營站,苗栗站,臺北站,C
457,金門民宅興建朝同一方向並坐落於前低後高的基地上，形成什麼建築布局?,一條龍,三合院,四合院,梳式,D
458,有關生物分類系統描述，下列哪個選項是「錯誤」的？,以7個階層分類,分類階層越高種類越多,越低階的種類越少，但越相近,外表相似即代表物種相近,D
459,國內受太平洋高壓影響，全臺天氣炎熱，當氣溫達38°C以上且持續3日以上，中央氣象局高溫資訊所顯示燈號為？,綠,黃,橙,紅,D
460,目前世界衛生組織中所定義的「細懸浮微粒」，係指空氣中的哪一項污染物？,PM1.0,PM2.5,PM10,TSP,B
461,道路交通管理處罰條例第44條明定，6月30日起，駕駛人行近行人穿越道或其他依法可供行人穿越之交岔路，不暫停讓行人先行通過最高罰6000元。請問執法標準以「車頭距離斑馬線上行人不足多少公尺開罰」為原則?,4,3,2,1,B
462,關於壽山國家自然公園的生物，以下敘述何者正確？,有全台灣最大群的山豬居住,馬卡道澤蟹是此地獨特的新種,有許多的狐猴,芝麻蝸牛是常見蝸牛,B
463,根據環境教育法第四條，下列選項中哪些是環境教育之對象?,全體國民,政府機關,學校,以上皆是,D
464,由北至南依序排列臺灣本島的國家公園，下列哪個選項完全正確？,太魯閣、雪霸、墾丁,雪霸、太魯閣、玉山,臺江、玉山、墾丁,雪霸、臺江、玉山,B
465,有效餘氯在自來水的安全衛生上扮演極重要的角色。如何維持自來水的有效餘氯？,讓氯氣溶於水中,讓六氯苯溶於水中,讓三氯乙烷溶於水中,讓氯乙烯溶於水中,A
466,陽明山國家公園擁有獨特的錐狀或鐘狀火山體和火口湖。請問此區多屬於下列哪種岩石？,玄武岩,花崗岩,安山岩,火成岩,C
467,餐飲業者達成幾項「十大惜食行動」即可成為惜食推廣種子店家？,一項,三項,五項,十項,B
468,下列何者「不是」水力發電的優點？,不會造成空氣污染,不會有生態衍生問題,運維成本低,可以重複使用,B
469,為推動全民食農教育，強化飲食、環境與農業之連結，特制定「食農教育法」。請問其推動方針不包含下列何者?,支持認同在地農業,地產地消永續農業,傳承與創新飲食文化,加入WTO提倡公平貿易,D
470,在勞動時大量出汗，鹽份亦會同時損耗，若只補充水份容易引起肌肉抽搐疼痛。此為何種熱危害症狀？,熱中暑,熱痙攣,熱衰竭,心臟衰竭,B
471,下列何者最符合「源頭減量」的環保原則？[AI重新生成],將使用過的寶特瓶分類回收,將廢紙送至回收場,購買商品時自備環保袋，減少使用一次性塑膠袋,將廚餘集中處理製成堆肥,C
472,在河道逕流量中有84.04%直接入海，主要是因為臺灣的哪個地形特性所致？,坡陡流急,彎彎曲曲,河道平緩,河道寬闊,A
473,目前許多產品在包裝上均會標示哪一種資料，代表產品製造排放的二氧化碳？,製造國家,碳足跡,材料成分,運送里程,B
474,水稻秋收後，農民栽種油菜花的主要目的是什麼？請選出下列最正確的答案。,開放觀光增加收入,作為下一季稻作的綠肥,榨取油菜籽的油販賣,採收油菜花販賣,B
475,下列哪個選項「不是」環保標章的概念？,低污染,可回收,省資源,低單價,D
476,下列哪一個對於熱島效應的描述是正確的？,發生在小島上,使一個地方的溫度特別的高,多發生在植物很多的地方,多發生在海邊,B
477,下列何種物質屬於空氣中的「懸浮微粒」？,花粉,水氣,氧氣,氟氯碳化物,A
478,PM2.5危害人體健康的最主要原因是什麼？,PM2.5易隨呼吸深入人體,PM2.5易被皮膚所吸收,PM2.5含有重金屬,PM2.5易沉降累積,A
479,午後雷陣雨常來得急、去得快，往往讓人措手不及。有關午後雷陣雨的敘述，下列哪個選項是正確的？,午後雷陣雨僅出現於臺灣西南部,夏天臺灣盛行的東北風來自於海洋氣團的影響,氣團性質視其起源地而定,源自蒙古大陸的冷氣團為低氣壓,C
480,環境中的重金屬污染，可藉由下列何種作用加深對人體的傷害？,溫室效應,熱島效應,累積效應,光化學效應,C
481,下列何者對於「超級累積植物」的描述是正確的？,可大範圍分解土壤中的重金屬物,可吸附重金屬的一種植物,只可分解土壤中含鐵物質,可吸附土壤中大量的重金屬,D
482,消防栓、消防車出入口，多少距離以內不得臨時停車？,3公尺,5公尺,8公尺,10公尺,B
483,下列那個濕地位於鳳凰山脈與阿里山山脈嶺線分界點，且植物界線分明？,椬梧濕地,大湳湖濕地,草湳濕地,草坔濕地,D
484,在哪一個國家公園內可以看到在陸蟹的繁殖季節時，舉辦協助陸蟹過馬路的保育活動?,澎湖南方四島國家公園,墾丁國家公園,台江國家公園,雪霸國家公園,B
485,機車出廠滿五年每年應接受排氣定期檢驗一次，定期檢驗不合格之機車，應於多久內修復並複驗合格?,一個月,三個月,六個月,九個月,A
486,為減少食物、廢棄物及溫室氣體排放等環境問題，環境部於107年開始號召餐飲業者，響應十大惜食行動，成為惜食推廣種子店家，一同推動惜食環境教育。請問下列選項中，何者不屬於惜食行動?,為了讓餐點好看，不使用醜蔬果入菜,將剩餘食物或食材捐贈給食物銀行,鼓勵消費者吃多少買多少,提供客人餐點內容的資訊,A
487,中國大陸北方因燃燒化石燃料而易形成「酸雨」。上述現象，主要發生在臺灣哪一季節？,春季,夏季,秋季,冬季,D
488,我們日常生活中常接觸的發票，有可能含有哪種環境荷爾蒙?,雙酚A,壬基酚,戴奧辛,十溴二苯醚,A
489,下列哪一項是造成墨西哥灣海洋死區(deadzone)的主因？,全球暖化造成,漁民大量捕撈魚群,藻類過度繁殖造成,海底火山爆發,C
490,臺灣東部海域是什麼？,太平洋,福建海峽,巴士海峽,東海,A
491,下列哪一項指標為臺灣水庫水質優養化程度指標？,RPI,CPI,CTSI,WQI,C
492,以下哪些天然災害經常發生在板塊邊界？(A)火山 | (B)地震 | (C)大型山崩與堰塞湖 | (D)沙塵暴。,[A],[AB],[ABC],[ABCD],C
493,下列有關「空氣污染」的敘述，哪個選項是「錯誤」的？,PSI值超過100對人體健康會造成影響,懸浮微粒含量高而降低能見度，這種現象稱為「靄」,政府對於懸浮微粒主要來源區，會加強稽查和清掃,環保機關會依不同的營建工程徵收空氣污染防制費,B
494,下列何者「不屬於」綠色商品？,獲得能源標章產品,獲得環保標章產品,獲得綠建築標章產品,獲得CNS標章產品,D
495,聲音超過多少分貝就會影響人的睡眠品質?,40分貝,60分貝,70分貝,80分貝,A
496,多溴二苯醚的化學結構類似戴奧辛，請問以下何者為其特性?,具持久性,不易分解,易生物累積,以上皆是,D
497,依據我國空氣污染防制法施行細則分類，下列何者不屬於粒狀污染物？,油煙,懸浮微粒,臭氧,酸霧,C
498,於海岸棄置廢棄物，對海洋生物棲地造成嚴重破壞，違規棄置垃圾可依下列何者法規處以罰鍰?,環境教育法,廢棄物清理法,水污染防治法,資源回收再利用法,B
499,為處理垃圾爆量問題環境部擬於2023年提出《資源循環促進法》來因應，下列對此法案的敘述何者錯誤？,此法案係將《廢棄物清理法》及《資源回收再利用法》整併,此法案目地在翻轉廢棄物定義，推動資源極大化，廢棄物極小化,此法擬對不具再利用價值的廢棄物，公告為政府責任物，由政府吸收處理費用,此法也會對汙染環境的業者加重其刑責,D
500,下列哪一個是造成河川有太多養分的原因？,排泄物流入河川,石油流入河川,重金屬流入河川,廢熱流入河川,A
501,我們群組名稱為何？,115年環境知識競賽,115年環境知識比賽,115年環保知識競賽,115年環保知識比賽,A
502,我們群組有幾個人？,8個,9個,10個,11個,C
503,暑假練習在每周的哪兩天？,"三,五","二,四","一,六","一,四",D
504,暑假練習一次有多少題？,30題,50題,70題,100題,B
505,下列哪種做法可以防止土石流發生？,在山坡地上蓋民宿,做好水土保持,將山坡地闢建成果園,大量砍伐森林,B
506,某國家具有下列哪種特點，比較有可能面臨人口老化的社會問題？,教育水準低,死亡率高,出生率低,國民所得低,C
507,廢機油應該如何處理較為適當？,倒進馬桶,拿去附近的機車行回收,在水槽沖洗掉,倒入排水溝,B
508,下列何者「不能」減輕溫室效應？,大量燒煤，以解決能源問題,提倡使用節能技術和節能產品,植樹造林，嚴禁亂砍濫伐森林,提倡公共交通或步行方式出行,A
509,造成臺灣南部濱海地區地層下陷最主要的原因為何？,當地房子蓋得太重,居住人口太多,養殖業超抽地下水,時常發生地震,C
